web-scraper-order;web-scraper-start-url;skiregion_raw;altitude_start_raw;altitude_end_raw;ort_raw;slope_blue_raw;slope_red_raw;slope_black_raw;lift_count_raw;skipassprice_raw;review_raw
1732267906-1;https://www.skiresort.ch/skigebiete/schweiz/seite/3;Reckingen-Gluringen;1333 m;1445 m;;1,2 km;0 km;0 km;2 Lifte/Bahnen;SFr. 27,- / ca. € 29,-;"[{""review_raw"":"""",""review_raw-title"":""2,1 von 5 Sternen""}]"
1732267906-2;https://www.skiresort.ch/skigebiete/schweiz/seite/3;Ghöch;1000 m;1060 m;;0,8 km;0,2 km;0 km;2 Lifte/Bahnen;SFr. 22,- / ca. € 23,-;"[{""review_raw"":"""",""review_raw-title"":""2,1 von 5 Sternen""}]"
1732267906-3;https://www.skiresort.ch/skigebiete/schweiz/seite/3;Wasen im Emmental;840 m;910 m;;1 km;0 km;0 km;2 Lifte/Bahnen;SFr. 22,- / ca. € 23,-;"[{""review_raw"":"""",""review_raw-title"":""2,1 von 5 Sternen""}]"
1732267906-4;https://www.skiresort.ch/skigebiete/schweiz/seite/3;Selfranga – Klosters;1186 m;1354 m;;1,2 km;0 km;0 km;2 Lifte/Bahnen;SFr. 30,- / ca. € 32,-;"[{""review_raw"":"""",""review_raw-title"":""2,1 von 5 Sternen""}]"
1732267906-5;https://www.skiresort.ch/skigebiete/schweiz/seite/3;Basse Ruche;1087 m;1125 m;;1 km;0 km;0 km;2 Lifte/Bahnen;SFr. 20,- / ca. € 21,-;"[{""review_raw"":"""",""review_raw-title"":""2,1 von 5 Sternen""}]"
1732267906-6;https://www.skiresort.ch/skigebiete/schweiz/seite/3;Krinau;820 m;908 m;;0,4 km;0,2 km;0 km;1 Lift/Bahn;;"[{""review_raw"":"""",""review_raw-title"":""2,1 von 5 Sternen""}]"
1732267906-7;https://www.skiresort.ch/skigebiete/schweiz/seite/3;Alpe di Neggia;1395 m;1595 m;;1 km;0 km;0 km;2 Lifte/Bahnen;SFr. 22,- / ca. € 23,-;"[{""review_raw"":"""",""review_raw-title"":""2,1 von 5 Sternen""}]"
1732267906-8;https://www.skiresort.ch/skigebiete/schweiz/seite/3;Grenchenberg – Grenchen;1240 m;1350 m;;0,8 km;0 km;0 km;2 Lifte/Bahnen;SFr. 24,- / ca. € 26,-;"[{""review_raw"":"""",""review_raw-title"":""2,1 von 5 Sternen""}]"
1732267906-9;https://www.skiresort.ch/skigebiete/schweiz/seite/3;Realp;1550 m;1660 m;;1 km;0 km;0 km;2 Lifte/Bahnen;SFr. 29,- / ca. € 31,-;"[{""review_raw"":"""",""review_raw-title"":""2,1 von 5 Sternen""}]"
1732267906-10;https://www.skiresort.ch/skigebiete/schweiz/seite/3;Casaccia;1550 m;1600 m;;0,5 km;0 km;0 km;1 Lift/Bahn;SFr. 20,- / ca. € 21,-;"[{""review_raw"":"""",""review_raw-title"":""2,1 von 5 Sternen""}]"
1732267906-11;https://www.skiresort.ch/skigebiete/schweiz/seite/3;Gadmen;1205 m;1300 m;;0,5 km;0 km;0 km;1 Lift/Bahn;SFr. 18,- / ca. € 19,-;"[{""review_raw"":"""",""review_raw-title"":""2,1 von 5 Sternen""}]"
1732267906-12;https://www.skiresort.ch/skigebiete/schweiz/seite/3;Langis;1450 m;1517 m;;0,7 km;0 km;0 km;1 Lift/Bahn;SFr. 24,- / ca. € 26,-;"[{""review_raw"":"""",""review_raw-title"":""2,1 von 5 Sternen""}]"
1732267906-13;https://www.skiresort.ch/skigebiete/schweiz/seite/3;Saas-Balen;1472 m;1521 m;;0,5 km;0 km;0 km;1 Lift/Bahn;SFr. 16,- / ca. € 17,-;"[{""review_raw"":"""",""review_raw-title"":""2,1 von 5 Sternen""}]"
1732267906-14;https://www.skiresort.ch/skigebiete/schweiz/seite/3;Gähwil;760 m;905 m;;0,8 km;0 km;0 km;1 Lift/Bahn;SFr. 28,- / ca. € 30,-;"[{""review_raw"":"""",""review_raw-title"":""2,1 von 5 Sternen""}]"
1732267906-15;https://www.skiresort.ch/skigebiete/schweiz/seite/3;Bündalift – Davos;1556 m;1714 m;;0,6 km;0 km;0 km;1 Lift/Bahn;SFr. 30,- / ca. € 32,-;"[{""review_raw"":"""",""review_raw-title"":""2,1 von 5 Sternen""}]"
1732267906-16;https://www.skiresort.ch/skigebiete/schweiz/seite/3;Gurnigelbad;1150 m;1250 m;;0,7 km;0 km;0 km;1 Lift/Bahn;SFr. 28,- / ca. € 30,-;"[{""review_raw"":"""",""review_raw-title"":""2,1 von 5 Sternen""}]"
1732267906-17;https://www.skiresort.ch/skigebiete/schweiz/seite/3;Bäretswil;725 m;835 m;;1 km;0 km;0 km;3 Lifte/Bahnen;SFr. 22,- / ca. € 23,-;"[{""review_raw"":"""",""review_raw-title"":""2,1 von 5 Sternen""}]"
1732267906-18;https://www.skiresort.ch/skigebiete/schweiz/seite/3;Lantsch/​Lenz;1290 m;1382 m;;0,8 km;0 km;0 km;1 Lift/Bahn;;"[{""review_raw"":"""",""review_raw-title"":""2,1 von 5 Sternen""}]"
1732267906-19;https://www.skiresort.ch/skigebiete/schweiz/seite/3;Kellerberg – Haldi;1238 m;1393 m;;0,8 km;0 km;0 km;1 Lift/Bahn;;"[{""review_raw"":"""",""review_raw-title"":""2,1 von 5 Sternen""}]"
1732267906-20;https://www.skiresort.ch/skigebiete/schweiz/seite/3;Dzora – Lourtier;1100 m;1188 m;;0,6 km;0 km;0 km;1 Lift/Bahn;;"[{""review_raw"":"""",""review_raw-title"":""2,1 von 5 Sternen""}]"
1732267906-21;https://www.skiresort.ch/skigebiete/schweiz/seite/3;Les Orvales – Malleray;781 m;855 m;;0,5 km;0 km;0 km;1 Lift/Bahn;;"[{""review_raw"":"""",""review_raw-title"":""2,1 von 5 Sternen""}]"
1732267906-22;https://www.skiresort.ch/skigebiete/schweiz/seite/3;La Sagne;1040 m;1140 m;;0,5 km;0 km;0 km;1 Lift/Bahn;;"[{""review_raw"":"""",""review_raw-title"":""2,1 von 5 Sternen""}]"
1732267906-23;https://www.skiresort.ch/skigebiete/schweiz/seite/3;Oberwangen;627 m;765 m;;0,8 km;0 km;0 km;2 Lifte/Bahnen;SFr. 22,- / ca. € 23,-;"[{""review_raw"":"""",""review_raw-title"":""2,1 von 5 Sternen""}]"
1732267906-24;https://www.skiresort.ch/skigebiete/schweiz/seite/3;Les Prévondes;987 m;1090 m;;0,4 km;0 km;0 km;1 Lift/Bahn;SFr. 5,- / ca. € 5,-;"[{""review_raw"":"""",""review_raw-title"":""2,1 von 5 Sternen""}]"
1732267906-25;https://www.skiresort.ch/skigebiete/schweiz/seite/3;Schnabelsberg – Bennau (Einsiedeln);950 m;1020 m;;0,3 km;0 km;0 km;1 Lift/Bahn;SFr. 17,- / ca. € 18,-;"[{""review_raw"":"""",""review_raw-title"":""2,1 von 5 Sternen""}]"
1732267906-26;https://www.skiresort.ch/skigebiete/schweiz/seite/3;Hubelweid – Heiligenschwendi;1102 m;1152 m;;0,3 km;0 km;0 km;1 Lift/Bahn;SFr. 20,- / ca. € 21,-;"[{""review_raw"":"""",""review_raw-title"":""2,1 von 5 Sternen""}]"
1732267906-27;https://www.skiresort.ch/skigebiete/schweiz/seite/3;Oberhelfenschwil;798 m;866 m;;0,4 km;0 km;0 km;1 Lift/Bahn;SFr. 22,- / ca. € 23,-;"[{""review_raw"":"""",""review_raw-title"":""2,1 von 5 Sternen""}]"
1732267906-28;https://www.skiresort.ch/skigebiete/schweiz/seite/3;Bedea – Novaggio;625 m;690 m;;0,3 km;0 km;0 km;1 Lift/Bahn;SFr. 15,- / ca. € 16,-;"[{""review_raw"":"""",""review_raw-title"":""2,1 von 5 Sternen""}]"
1732267906-29;https://www.skiresort.ch/skigebiete/schweiz/seite/3;Telli – Morschach;640 m;676 m;;0,3 km;0 km;0 km;2 Lifte/Bahnen;SFr. 14,- / ca. € 15,-;"[{""review_raw"":"""",""review_raw-title"":""2,1 von 5 Sternen""}]"
1732267906-30;https://www.skiresort.ch/skigebiete/schweiz/seite/3;Wilern (Binn);1427 m;1542 m;;0,4 km;0 km;0 km;1 Lift/Bahn;SFr. 10,- / ca. € 11,-;"[{""review_raw"":"""",""review_raw-title"":""2,1 von 5 Sternen""}]"
1732267906-31;https://www.skiresort.ch/skigebiete/schweiz/seite/3;Sternenberg – Schatzböl;838 m;884 m;;0,3 km;0 km;0 km;1 Lift/Bahn;SFr. 10,- / ca. € 11,-;"[{""review_raw"":"""",""review_raw-title"":""2,1 von 5 Sternen""}]"
1732267906-32;https://www.skiresort.ch/skigebiete/schweiz/seite/3;Langmattli – Hergiswil;838 m;946 m;;0,4 km;0 km;0 km;1 Lift/Bahn;SFr. 12,- / ca. € 13,-;"[{""review_raw"":"""",""review_raw-title"":""2,1 von 5 Sternen""}]"
1732267906-33;https://www.skiresort.ch/skigebiete/schweiz/seite/3;Beckenhalde – St. Gallen;764 m;854 m;;0,4 km;0 km;0 km;1 Lift/Bahn;SFr. 19,- / ca. € 20,-;"[{""review_raw"":"""",""review_raw-title"":""2,1 von 5 Sternen""}]"
1732267906-34;https://www.skiresort.ch/skigebiete/schweiz/seite/3;Hampy – Adelboden;1289 m;1351 m;;0,3 km;0 km;0 km;1 Lift/Bahn;SFr. 26,- / ca. € 28,-;"[{""review_raw"":"""",""review_raw-title"":""2,1 von 5 Sternen""}]"
1732267906-35;https://www.skiresort.ch/skigebiete/schweiz/seite/3;Hörnli – Hemberg-Bächli;890 m;970 m;;0,4 km;0 km;0 km;1 Lift/Bahn;SFr. 25,- / ca. € 27,-;"[{""review_raw"":"""",""review_raw-title"":""2,1 von 5 Sternen""}]"
1732267906-36;https://www.skiresort.ch/skigebiete/schweiz/seite/3;Ausserschwand;1341 m;1392 m;;0,2 km;0 km;0 km;1 Lift/Bahn;;"[{""review_raw"":"""",""review_raw-title"":""2,1 von 5 Sternen""}]"
1732267906-37;https://www.skiresort.ch/skigebiete/schweiz/seite/3;La Trélasse;1100 m;1150 m;;0,5 km;0 km;0 km;2 Lifte/Bahnen;;"[{""review_raw"":"""",""review_raw-title"":""2,1 von 5 Sternen""}]"
1732267906-38;https://www.skiresort.ch/skigebiete/schweiz/seite/3;Mittlerwengi – Kaltbrunn;1153 m;1253 m;;0 km;0,4 km;0 km;1 Lift/Bahn;;"[{""review_raw"":"""",""review_raw-title"":""2,1 von 5 Sternen""}]"
1732267906-39;https://www.skiresort.ch/skigebiete/schweiz/seite/3;Regensberg-Erlenhof – Im Buck;605 m;648 m;;0,3 km;0 km;0 km;1 Lift/Bahn;;"[{""review_raw"":"""",""review_raw-title"":""2,1 von 5 Sternen""}]"
1732267906-40;https://www.skiresort.ch/skigebiete/schweiz/seite/3;Haut-de-Caux;1156 m;1166 m;;0,1 km;0 km;0 km;1 Lift/Bahn;;"[{""review_raw"":"""",""review_raw-title"":""2,1 von 5 Sternen""}]"
1732267906-41;https://www.skiresort.ch/skigebiete/schweiz/seite/3;Sous-le-Mont – Tavannes;855 m;921 m;;0,3 km;0 km;0 km;1 Lift/Bahn;;"[{""review_raw"":"""",""review_raw-title"":""2,1 von 5 Sternen""}]"
1732267906-42;https://www.skiresort.ch/skigebiete/schweiz/seite/3;Bildhaus – Gommiswald am Ricken;800 m;860 m;;0,5 km;0 km;0 km;2 Lifte/Bahnen;SFr. 25,- / ca. € 27,-;"[{""review_raw"":"""",""review_raw-title"":""2,1 von 5 Sternen""}]"
1732267906-43;https://www.skiresort.ch/skigebiete/schweiz/seite/3;Cioss Prato – Bedretto;1550 m;1610 m;;0,4 km;0 km;0 km;2 Lifte/Bahnen;SFr. 17,- / ca. € 18,-;"[{""review_raw"":"""",""review_raw-title"":""2,1 von 5 Sternen""}]"
1732267906-44;https://www.skiresort.ch/skigebiete/schweiz/seite/3;Staffelalp – Zeglingen;726 m;782 m;;0,1 km;0,3 km;0,1 km;1 Lift/Bahn;;"[{""review_raw"":"""",""review_raw-title"":""2,0 von 5 Sternen""}]"
1732267906-45;https://www.skiresort.ch/skigebiete/schweiz/seite/3;Les Loges – La Vue des Alpes;1235 m;1260 m;;1 km;0 km;0 km;2 Lifte/Bahnen;;"[{""review_raw"":"""",""review_raw-title"":""2,0 von 5 Sternen""}]"
1732267906-46;https://www.skiresort.ch/skigebiete/schweiz/seite/3;Bernina Heliski;2000 m;3300 m;;;;;Heliskiing;;[]
1732267906-47;https://www.skiresort.ch/skigebiete/schweiz/seite/3;Trachselwald;685 m;715 m;;0,5 km;0 km;0 km;1 Lift/Bahn;SFr. 10,- / ca. € 11,-;"[{""review_raw"":"""",""review_raw-title"":""2 von 5 Sternen""}]"
1732267906-48;https://www.skiresort.ch/skigebiete/schweiz/seite/3;Bügls – S-chanf;1670 m;1700 m;;0,5 km;0 km;0 km;1 Lift/Bahn;SFr. 10,- / ca. € 11,-;"[{""review_raw"":"""",""review_raw-title"":""2 von 5 Sternen""}]"
1732267906-49;https://www.skiresort.ch/skigebiete/schweiz/seite/3;La Brévine;1048 m;1100 m;;0,8 km;0 km;0 km;1 Lift/Bahn;SFr. 3,- / ca. € 3,-;"[{""review_raw"":"""",""review_raw-title"":""2 von 5 Sternen""}]"
1732267906-50;https://www.skiresort.ch/skigebiete/schweiz/seite/3;Raten – Oberägeri;1077 m;1119 m;;0,8 km;0 km;0 km;2 Lifte/Bahnen;SFr. 14,- / ca. € 15,-;"[{""review_raw"":"""",""review_raw-title"":""2 von 5 Sternen""}]"
1732267906-51;https://www.skiresort.ch/skigebiete/schweiz/seite/3;Guttannen;1057 m;1150 m;;0,5 km;0 km;0 km;1 Lift/Bahn;;"[{""review_raw"":"""",""review_raw-title"":""2 von 5 Sternen""}]"
1732267906-52;https://www.skiresort.ch/skigebiete/schweiz/seite/3;Täsch;1450 m;1500 m;;0,5 km;0 km;0 km;1 Lift/Bahn;;"[{""review_raw"":"""",""review_raw-title"":""2 von 5 Sternen""}]"
1732267906-53;https://www.skiresort.ch/skigebiete/schweiz/seite/3;Rüegsau;590 m;650 m;;0,5 km;0 km;0 km;1 Lift/Bahn;;"[{""review_raw"":"""",""review_raw-title"":""2 von 5 Sternen""}]"
1732267906-54;https://www.skiresort.ch/skigebiete/schweiz/seite/3;LiFu – Furom;1611 m;1640 m;;0,3 km;0 km;0 km;1 Lift/Bahn;SFr. 10,- / ca. € 11,-;"[{""review_raw"":"""",""review_raw-title"":""2,0 von 5 Sternen""}]"
1732267906-55;https://www.skiresort.ch/skigebiete/schweiz/seite/3;Bottenwil – Piz Graben;600 m;630 m;;0,3 km;0 km;0 km;1 Lift/Bahn;SFr. 10,- / ca. € 11,-;"[{""review_raw"":"""",""review_raw-title"":""2,0 von 5 Sternen""}]"
1732267906-56;https://www.skiresort.ch/skigebiete/schweiz/seite/3;Les Haudères – L'Homazo;1450 m;1455 m;;0,1 km;0 km;0 km;1 Lift/Bahn;SFr. 5,- / ca. € 5,-;"[{""review_raw"":"""",""review_raw-title"":""2,0 von 5 Sternen""}]"
1732267906-57;https://www.skiresort.ch/skigebiete/schweiz/seite/3;Mottalift – Serneus;999 m;1014 m;;0,4 km;0 km;0 km;1 Lift/Bahn;SFr. 15,- / ca. € 16,-;"[{""review_raw"":"""",""review_raw-title"":""2,0 von 5 Sternen""}]"
1732267906-58;https://www.skiresort.ch/skigebiete/schweiz/seite/3;Oberwald;1373 m;1404 m;;0,2 km;0 km;0 km;1 Lift/Bahn;SFr. 7,- / ca. € 7,-;"[{""review_raw"":"""",""review_raw-title"":""2,0 von 5 Sternen""}]"
1732267906-59;https://www.skiresort.ch/skigebiete/schweiz/seite/3;Lommiswil – Bitzirain;620 m;680 m;;0,2 km;0 km;0 km;1 Lift/Bahn;SFr. 16,- / ca. € 17,-;"[{""review_raw"":"""",""review_raw-title"":""2,0 von 5 Sternen""}]"
1732267906-60;https://www.skiresort.ch/skigebiete/schweiz/seite/3;Rossa;1100 m;1150 m;;0,4 km;0 km;0 km;2 Lifte/Bahnen;SFr. 15,- / ca. € 16,-;"[{""review_raw"":"""",""review_raw-title"":""2,0 von 5 Sternen""}]"
1732267906-61;https://www.skiresort.ch/skigebiete/schweiz/seite/3;Lucky – Aeschi;860 m;890 m;;0,2 km;0 km;0 km;1 Lift/Bahn;SFr. 15,- / ca. € 16,-;"[{""review_raw"":"""",""review_raw-title"":""2,0 von 5 Sternen""}]"
1732267906-62;https://www.skiresort.ch/skigebiete/schweiz/seite/3;Schlösslihang – St. Gallen;660 m;690 m;;0,3 km;0 km;0 km;1 Lift/Bahn;SFr. 16,- / ca. € 17,-;"[{""review_raw"":"""",""review_raw-title"":""2,0 von 5 Sternen""}]"
1732267906-63;https://www.skiresort.ch/skigebiete/schweiz/seite/3;Nollen – Hosenruck (Wuppenau);687 m;725 m;;0,3 km;0 km;0 km;1 Lift/Bahn;SFr. 15,- / ca. € 16,-;"[{""review_raw"":"""",""review_raw-title"":""2,0 von 5 Sternen""}]"
1732267906-64;https://www.skiresort.ch/skigebiete/schweiz/seite/3;Asp (Densbüren);575 m;650 m;;0,3 km;0 km;0 km;1 Lift/Bahn;SFr. 10,- / ca. € 11,-;"[{""review_raw"":"""",""review_raw-title"":""2,0 von 5 Sternen""}]"
1732267906-65;https://www.skiresort.ch/skigebiete/schweiz/seite/3;Wildberg – Schafbüel;685 m;710 m;;0,2 km;0 km;0 km;1 Lift/Bahn;SFr. 15,- / ca. € 16,-;"[{""review_raw"":"""",""review_raw-title"":""2,0 von 5 Sternen""}]"
1732267906-66;https://www.skiresort.ch/skigebiete/schweiz/seite/3;Randa;1421 m;1435 m;;0,2 km;0 km;0 km;1 Lift/Bahn;SFr. 8,- / ca. € 9,-;"[{""review_raw"":"""",""review_raw-title"":""2,0 von 5 Sternen""}]"
1732267906-67;https://www.skiresort.ch/skigebiete/schweiz/seite/3;Stich – Opfertshofen;600 m;665 m;;0,3 km;0 km;0 km;1 Lift/Bahn;SFr. 10,- / ca. € 11,-;"[{""review_raw"":"""",""review_raw-title"":""2,0 von 5 Sternen""}]"
1732267906-68;https://www.skiresort.ch/skigebiete/schweiz/seite/3;Egg – Hallau;520 m;560 m;;0,2 km;0 km;0 km;1 Lift/Bahn;SFr. 10,- / ca. € 11,-;"[{""review_raw"":"""",""review_raw-title"":""2,0 von 5 Sternen""}]"
1732267906-69;https://www.skiresort.ch/skigebiete/schweiz/seite/3;Saxeten – Pintli;1162 m;1189 m;;0,2 km;0 km;0 km;1 Lift/Bahn;SFr. 8,- / ca. € 9,-;"[{""review_raw"":"""",""review_raw-title"":""2,0 von 5 Sternen""}]"
1732267906-70;https://www.skiresort.ch/skigebiete/schweiz/seite/3;Blatten – Speicher;900 m;935 m;;0,3 km;0 km;0 km;1 Lift/Bahn;SFr. 12,- / ca. € 13,-;"[{""review_raw"":"""",""review_raw-title"":""2,0 von 5 Sternen""}]"
1732267906-71;https://www.skiresort.ch/skigebiete/schweiz/seite/3;Mugi – Netstal;460 m;550 m;;0,4 km;0 km;0 km;2 Lifte/Bahnen;SFr. 10,- / ca. € 11,-;"[{""review_raw"":"""",""review_raw-title"":""2,0 von 5 Sternen""}]"
1732267906-72;https://www.skiresort.ch/skigebiete/schweiz/seite/3;Sitzberg – Fischingen;770 m;800 m;;0 km;0,2 km;0 km;1 Lift/Bahn;SFr. 7,50 / ca. € 8,-;"[{""review_raw"":"""",""review_raw-title"":""2,0 von 5 Sternen""}]"
1732267906-73;https://www.skiresort.ch/skigebiete/schweiz/seite/3;Dietikon;460 m;490 m;;0,2 km;0 km;0 km;1 Lift/Bahn;SFr. 8,- / ca. € 9,-;"[{""review_raw"":"""",""review_raw-title"":""2,0 von 5 Sternen""}]"
1732267906-74;https://www.skiresort.ch/skigebiete/schweiz/seite/3;Norro-Lift – Adelboden;1305 m;1332 m;;0,2 km;0 km;0 km;1 Lift/Bahn;SFr. 15,- / ca. € 16,-;"[{""review_raw"":"""",""review_raw-title"":""2,0 von 5 Sternen""}]"
1732267906-75;https://www.skiresort.ch/skigebiete/schweiz/seite/3;Goldiwil – Multenegg (Heiligenschwendi);1100 m;1120 m;;0,2 km;0 km;0 km;1 Lift/Bahn;SFr. 5,- / ca. € 5,-;"[{""review_raw"":"""",""review_raw-title"":""2,0 von 5 Sternen""}]"
1732267906-76;https://www.skiresort.ch/skigebiete/schweiz/seite/3;Horben – Lindenberg;765 m;805 m;;0,2 km;0 km;0 km;1 Lift/Bahn;SFr. 15,- / ca. € 16,-;"[{""review_raw"":"""",""review_raw-title"":""2,0 von 5 Sternen""}]"
1732267906-77;https://www.skiresort.ch/skigebiete/schweiz/seite/3;Mammern-Klingenzell;570 m;600 m;;0,2 km;0 km;0 km;1 Lift/Bahn;;"[{""review_raw"":"""",""review_raw-title"":""2,0 von 5 Sternen""}]"
1732267906-78;https://www.skiresort.ch/skigebiete/schweiz/seite/3;Bonderlen;1354 m;1364 m;;0,2 km;0 km;0 km;1 Lift/Bahn;;"[{""review_raw"":"""",""review_raw-title"":""2,0 von 5 Sternen""}]"
1732267906-79;https://www.skiresort.ch/skigebiete/schweiz/seite/3;Tarasp;1410 m;1450 m;;0,3 km;0 km;0 km;1 Lift/Bahn;;"[{""review_raw"":"""",""review_raw-title"":""2,0 von 5 Sternen""}]"
1732267906-80;https://www.skiresort.ch/skigebiete/schweiz/seite/3;Nunningen;660 m;700 m;;0,2 km;0 km;0 km;1 Lift/Bahn;;"[{""review_raw"":"""",""review_raw-title"":""2,0 von 5 Sternen""}]"
1732267906-81;https://www.skiresort.ch/skigebiete/schweiz/seite/3;Pian San Giacomo  (vorübergehend außer Betrieb);1180 m;1200 m;;0,2 km;(vorübergehend außer Betrieb);0 km;1 Lift/Bahn;;"[{""review_raw"":"""",""review_raw-title"":""2,0 von 5 Sternen""}]"
1732267906-82;https://www.skiresort.ch/skigebiete/schweiz/seite/3;Guarda;1650 m;1670 m;;0,2 km;0 km;0 km;1 Lift/Bahn;;"[{""review_raw"":"""",""review_raw-title"":""2,0 von 5 Sternen""}]"
1732267906-83;https://www.skiresort.ch/skigebiete/schweiz/seite/3;Ardez;1476 m;1526 m;;0,3 km;0 km;0 km;1 Lift/Bahn;;"[{""review_raw"":"""",""review_raw-title"":""2,0 von 5 Sternen""}]"
1732267906-84;https://www.skiresort.ch/skigebiete/schweiz/seite/3;Lukaslift – Grabs;469 m;482 m;;0,2 km;0 km;0 km;1 Lift/Bahn;;"[{""review_raw"":"""",""review_raw-title"":""2,0 von 5 Sternen""}]"
1732267906-85;https://www.skiresort.ch/skigebiete/schweiz/seite/3;Trient;1320 m;1350 m;;0,1 km;0 km;0 km;1 Lift/Bahn;;"[{""review_raw"":"""",""review_raw-title"":""2,0 von 5 Sternen""}]"
1732267906-86;https://www.skiresort.ch/skigebiete/schweiz/seite/3;Brot-Plamboz;1050 m;1100 m;;0,4 km;0 km;0 km;1 Lift/Bahn;;"[{""review_raw"":"""",""review_raw-title"":""2,0 von 5 Sternen""}]"
1732267906-87;https://www.skiresort.ch/skigebiete/schweiz/seite/3;Dalpe;1200 m;1250 m;;0,2 km;0 km;0 km;1 Lift/Bahn;;"[{""review_raw"":"""",""review_raw-title"":""2,0 von 5 Sternen""}]"
1732267906-88;https://www.skiresort.ch/skigebiete/schweiz/seite/3;Riffenmatt Winterpark;1080 m;1140 m;;0,3 km;0 km;0 km;1 Lift/Bahn;;"[{""review_raw"":"""",""review_raw-title"":""2,0 von 5 Sternen""}]"
1732267906-89;https://www.skiresort.ch/skigebiete/schweiz/seite/3;Les Paccots/​Granges – Mont-Chesau;800 m;900 m;;0,4 km;0 km;0 km;1 Lift/Bahn;;"[{""review_raw"":"""",""review_raw-title"":""2,0 von 5 Sternen""}]"
1732267906-90;https://www.skiresort.ch/skigebiete/schweiz/seite/3;Le Chaluet – Court;700 m;740 m;;0,2 km;0 km;0 km;1 Lift/Bahn;;"[{""review_raw"":"""",""review_raw-title"":""2,0 von 5 Sternen""}]"
1732267906-91;https://www.skiresort.ch/skigebiete/schweiz/seite/3;Weisstannen;984 m;1022 m;;0,2 km;0 km;0 km;1 Lift/Bahn;;"[{""review_raw"":"""",""review_raw-title"":""2,0 von 5 Sternen""}]"
1732267906-92;https://www.skiresort.ch/skigebiete/schweiz/seite/3;Wiesen – Gruob;1400 m;1410 m;;0,1 km;0 km;0 km;1 Lift/Bahn;;"[{""review_raw"":"""",""review_raw-title"":""2,0 von 5 Sternen""}]"
1732267906-93;https://www.skiresort.ch/skigebiete/schweiz/seite/3;Saalhöhe;720 m;775 m;;0,3 km;0 km;0 km;1 Lift/Bahn;;"[{""review_raw"":"""",""review_raw-title"":""2,0 von 5 Sternen""}]"
1732267906-94;https://www.skiresort.ch/skigebiete/schweiz/seite/3;Urnerboden;1360 m;1420 m;;0,3 km;0 km;0 km;1 Lift/Bahn;;"[{""review_raw"":"""",""review_raw-title"":""2,0 von 5 Sternen""}]"
1732267906-95;https://www.skiresort.ch/skigebiete/schweiz/seite/3;Rotberg – Villigen;560 m;600 m;;0,2 km;0 km;0 km;1 Lift/Bahn;;"[{""review_raw"":"""",""review_raw-title"":""2,0 von 5 Sternen""}]"
1732267906-96;https://www.skiresort.ch/skigebiete/schweiz/seite/3;Schermtanne – Stiegelschwand;1481 m;1509 m;;0,2 km;0 km;0 km;1 Lift/Bahn;;"[{""review_raw"":"""",""review_raw-title"":""2,0 von 5 Sternen""}]"
1732267906-97;https://www.skiresort.ch/skigebiete/schweiz/seite/3;Dicki – Weisslingen;590 m;620 m;;0,2 km;0 km;0 km;1 Lift/Bahn;;"[{""review_raw"":"""",""review_raw-title"":""2,0 von 5 Sternen""}]"
1732267906-98;https://www.skiresort.ch/skigebiete/schweiz/seite/3;Walenstadtberg;850 m;930 m;;0,3 km;0 km;0 km;1 Lift/Bahn;;"[{""review_raw"":"""",""review_raw-title"":""2,0 von 5 Sternen""}]"
1732267906-99;https://www.skiresort.ch/skigebiete/schweiz/seite/3;Orgevaux/​Les Avants;1304 m;1348 m;;0,2 km;0 km;0 km;1 Lift/Bahn;;"[{""review_raw"":"""",""review_raw-title"":""2,0 von 5 Sternen""}]"
1732267906-100;https://www.skiresort.ch/skigebiete/schweiz/seite/3;Gsahl – Hauenstein-Ifenthal;760 m;800 m;;0,4 km;0 km;0 km;2 Lifte/Bahnen;;"[{""review_raw"":"""",""review_raw-title"":""2,0 von 5 Sternen""}]"
1732267906-101;https://www.skiresort.ch/skigebiete/schweiz/seite/3;Loco Ski Academy – Saillon (Trockenskigebiet);468 m;471 m;;0,1 km;0 km;0 km;;;"[{""review_raw"":"""",""review_raw-title"":""2,0 von 5 Sternen""}]"
1732267909-102;https://www.skiresort.ch/skigebiete/schweiz/seite/2;Saint Luc/​Chandolin (Anniviers);1680 m;2980 m;;20 km;30 km;10 km;15 Lifte/Bahnen;SFr. 65,- / ca. € 69,-;"[{""review_raw"":"""",""review_raw-title"":""3,3 von 5 Sternen""}]"
1732267909-103;https://www.skiresort.ch/skigebiete/schweiz/seite/2;Leysin;1250 m;2198 m;;43 km;15 km;2 km;12 Lifte/Bahnen;SFr. 68,- / ca. € 73,-;"[{""review_raw"":"""",""review_raw-title"":""3,3 von 5 Sternen""}]"
1732267909-104;https://www.skiresort.ch/skigebiete/schweiz/seite/2;Betelberg – Lenk;1083 m;2001 m;;21,7 km;19,4 km;0,9 km;11 Lifte/Bahnen;SFr. 62,- / ca. € 66,-;"[{""review_raw"":"""",""review_raw-title"":""3,3 von 5 Sternen""}]"
1732267909-105;https://www.skiresort.ch/skigebiete/schweiz/seite/2;Melchsee-Frutt (Kerns);1080 m;2255 m;;20 km;6 km;10 km;15 Lifte/Bahnen;SFr. 59,- / ca. € 63,-;"[{""review_raw"":"""",""review_raw-title"":""3,3 von 5 Sternen""}]"
1732267909-106;https://www.skiresort.ch/skigebiete/schweiz/seite/2;Charmey;875 m;1626 m;;19,5 km;7,5 km;3 km;5 Lifte/Bahnen;SFr. 46,- / ca. € 49,-;"[{""review_raw"":"""",""review_raw-title"":""3,3 von 5 Sternen""}]"
1732267909-107;https://www.skiresort.ch/skigebiete/schweiz/seite/2;Vercorin;1340 m;2374 m;;13 km;19 km;3 km;10 Lifte/Bahnen;SFr. 60,- / ca. € 64,-;"[{""review_raw"":"""",""review_raw-title"":""3,2 von 5 Sternen""}]"
1732267909-108;https://www.skiresort.ch/skigebiete/schweiz/seite/2;Vals – Dachberg;1286 m;2851 m;;5 km;15 km;5 km;6 Lifte/Bahnen;SFr. 39,- / ca. € 42,-;"[{""review_raw"":"""",""review_raw-title"":""3,2 von 5 Sternen""}]"
1732267909-109;https://www.skiresort.ch/skigebiete/schweiz/seite/2;Sörenberg – Rothorn/​Dorf;1110 m;2298 m;;24 km;10 km;8 km;14 Lifte/Bahnen;SFr. 58,- / ca. € 62,-;"[{""review_raw"":"""",""review_raw-title"":""3,2 von 5 Sternen""}]"
1732267909-110;https://www.skiresort.ch/skigebiete/schweiz/seite/2;Mythenregion;1070 m;1593 m;;18 km;31 km;1 km;17 Lifte/Bahnen;SFr. 49,- / ca. € 52,-;"[{""review_raw"":"""",""review_raw-title"":""3,2 von 5 Sternen""}]"
1732267909-111;https://www.skiresort.ch/skigebiete/schweiz/seite/2;Ovronnaz;1400 m;2427 m;;5 km;20 km;5 km;7 Lifte/Bahnen;SFr. 61,- / ca. € 65,-;"[{""review_raw"":"""",""review_raw-title"":""3,2 von 5 Sternen""}]"
1732267909-112;https://www.skiresort.ch/skigebiete/schweiz/seite/2;Nara – Leontica;925 m;2123 m;;10 km;15 km;5 km;7 Lifte/Bahnen;SFr. 42,- / ca. € 45,-;"[{""review_raw"":"""",""review_raw-title"":""3,2 von 5 Sternen""}]"
1732267909-113;https://www.skiresort.ch/skigebiete/schweiz/seite/2;Glacier 3000 – Les Diablerets;1343 m;3016 m;;14,5 km;5,5 km;11 km;11 Lifte/Bahnen;SFr. 79,- / ca. € 84,-;"[{""review_raw"":"""",""review_raw-title"":""3,2 von 5 Sternen""}]"
1732267909-114;https://www.skiresort.ch/skigebiete/schweiz/seite/2;La Berra – La Roche;1040 m;1636 m;;5 km;20 km;0 km;6 Lifte/Bahnen;SFr. 41,- / ca. € 44,-;"[{""review_raw"":"""",""review_raw-title"":""3,1 von 5 Sternen""}]"
1732267909-115;https://www.skiresort.ch/skigebiete/schweiz/seite/2;Leukerbad;1411 m;2610 m;;3,5 km;27 km;17 km;13 Lifte/Bahnen;SFr. 65,- / ca. € 69,-;"[{""review_raw"":"""",""review_raw-title"":""3,1 von 5 Sternen""}]"
1732267909-116;https://www.skiresort.ch/skigebiete/schweiz/seite/2;Bosco Gurin – Grossalp;1482 m;2331 m;;1 km;25 km;4 km;7 Lifte/Bahnen;SFr. 57,- / ca. € 61,-;"[{""review_raw"":"""",""review_raw-title"":""3,1 von 5 Sternen""}]"
1732267909-117;https://www.skiresort.ch/skigebiete/schweiz/seite/2;Klewenalp/​Stockhütte – Beckenried/​Emmetten;1199 m;1938 m;;15 km;25 km;0 km;15 Lifte/Bahnen;SFr. 58,- / ca. € 62,-;"[{""review_raw"":"""",""review_raw-title"":""3,1 von 5 Sternen""}]"
1732267909-118;https://www.skiresort.ch/skigebiete/schweiz/seite/2;Tschiertschen;1350 m;2381 m;;15 km;14 km;3 km;4 Lifte/Bahnen;SFr. 61,- / ca. € 65,-;"[{""review_raw"":"""",""review_raw-title"":""3,1 von 5 Sternen""}]"
1732267909-119;https://www.skiresort.ch/skigebiete/schweiz/seite/2;Carì;1650 m;2280 m;;8 km;8 km;4 km;4 Lifte/Bahnen;SFr. 48,- / ca. € 51,-;"[{""review_raw"":"""",""review_raw-title"":""3,1 von 5 Sternen""}]"
1732267909-120;https://www.skiresort.ch/skigebiete/schweiz/seite/2;Les Marécottes (Salvan);1110 m;2220 m;;2,7 km;5 km;1,3 km;4 Lifte/Bahnen;SFr. 49,- / ca. € 52,-;"[{""review_raw"":"""",""review_raw-title"":""3,1 von 5 Sternen""}]"
1732267909-121;https://www.skiresort.ch/skigebiete/schweiz/seite/2;Wasserngrat – Gstaad;1275 m;1940 m;;3,5 km;3,6 km;2,2 km;1 Lift/Bahn;SFr. 84,- / ca. € 90,-;"[{""review_raw"":"""",""review_raw-title"":""3,1 von 5 Sternen""}]"
1732267909-122;https://www.skiresort.ch/skigebiete/schweiz/seite/2;San Bernardino;1642 m;2515 m;;17 km;20 km;3 km;11 Lifte/Bahnen;SFr. 45,- / ca. € 48,-;"[{""review_raw"":"""",""review_raw-title"":""3,1 von 5 Sternen""}]"
1732267909-123;https://www.skiresort.ch/skigebiete/schweiz/seite/2;Evolène;1404 m;2632 m;;15,5 km;10,6 km;15,9 km;5 Lifte/Bahnen;SFr. 48,- / ca. € 51,-;"[{""review_raw"":"""",""review_raw-title"":""3,1 von 5 Sternen""}]"
1732267909-124;https://www.skiresort.ch/skigebiete/schweiz/seite/2;Braunwald;1236 m;1901 m;;8,5 km;18 km;2 km;10 Lifte/Bahnen;SFr. 54,- / ca. € 58,-;"[{""review_raw"":"""",""review_raw-title"":""3,1 von 5 Sternen""}]"
1732267909-125;https://www.skiresort.ch/skigebiete/schweiz/seite/2;Pesciüm – Airolo;1175 m;2250 m;;1 km;15 km;14 km;8 Lifte/Bahnen;;"[{""review_raw"":"""",""review_raw-title"":""3,1 von 5 Sternen""}]"
1732267909-126;https://www.skiresort.ch/skigebiete/schweiz/seite/2;Nax – Mont-Noble;1495 m;2640 m;;15 km;20 km;0 km;6 Lifte/Bahnen;SFr. 53,- / ca. € 57,-;"[{""review_raw"":"""",""review_raw-title"":""3,0 von 5 Sternen""}]"
1732267909-127;https://www.skiresort.ch/skigebiete/schweiz/seite/2;Kaiseregg/​Riggisalp – Schwarzsee;1047 m;1751 m;;10,5 km;6,5 km;3 km;6 Lifte/Bahnen;SFr. 46,- / ca. € 49,-;"[{""review_raw"":"""",""review_raw-title"":""3,0 von 5 Sternen""}]"
1732267909-128;https://www.skiresort.ch/skigebiete/schweiz/seite/2;Moléson;1109 m;1978 m;;19 km;4 km;7 km;6 Lifte/Bahnen;SFr. 42,- / ca. € 45,-;"[{""review_raw"":"""",""review_raw-title"":""3,0 von 5 Sternen""}]"
1732267909-129;https://www.skiresort.ch/skigebiete/schweiz/seite/2;La Braye – Château d'Oex  (vorübergehend außer Betrieb);1215 m;1630 m;;10,5 km;(vorübergehend außer Betrieb);8 km;7 Lifte/Bahnen;;"[{""review_raw"":"""",""review_raw-title"":""3,0 von 5 Sternen""}]"
1732267909-130;https://www.skiresort.ch/skigebiete/schweiz/seite/2;Brambrüesch/​Dreibündenstein – Chur;1170 m;2174 m;;8 km;8 km;4 km;5 Lifte/Bahnen;SFr. 45,- / ca. € 48,-;"[{""review_raw"":"""",""review_raw-title"":""3 von 5 Sternen""}]"
1732267909-131;https://www.skiresort.ch/skigebiete/schweiz/seite/2;Jaun;1023 m;1571 m;;9 km;9 km;2 km;4 Lifte/Bahnen;SFr. 44,- / ca. € 47,-;"[{""review_raw"":"""",""review_raw-title"":""3 von 5 Sternen""}]"
1732267909-132;https://www.skiresort.ch/skigebiete/schweiz/seite/2;Giw – Visperterminen;1381 m;2309 m;;3,5 km;12,5 km;4,5 km;5 Lifte/Bahnen;SFr. 49,- / ca. € 52,-;"[{""review_raw"":"""",""review_raw-title"":""3,0 von 5 Sternen""}]"
1732267909-133;https://www.skiresort.ch/skigebiete/schweiz/seite/2;La Dôle/​Les Tuffes (Jura sur Léman);1160 m;1678 m;;17,5 km;8,7 km;2,4 km;21 Lifte/Bahnen;€ 40,-;"[{""review_raw"":"""",""review_raw-title"":""3,0 von 5 Sternen""}]"
1732267909-134;https://www.skiresort.ch/skigebiete/schweiz/seite/2;Oeschinensee – Kandersteg;1200 m;1730 m;;4,1 km;8,9 km;0 km;6 Lifte/Bahnen;SFr. 40,- / ca. € 43,-;"[{""review_raw"":"""",""review_raw-title"":""2,9 von 5 Sternen""}]"
1732267909-135;https://www.skiresort.ch/skigebiete/schweiz/seite/2;Arolla;1984 m;2877 m;;20 km;18 km;9 km;5 Lifte/Bahnen;SFr. 48,- / ca. € 51,-;"[{""review_raw"":"""",""review_raw-title"":""2,9 von 5 Sternen""}]"
1732267909-136;https://www.skiresort.ch/skigebiete/schweiz/seite/2;Darlux – Bergün;1384 m;2569 m;;4 km;15 km;1 km;3 Lifte/Bahnen;SFr. 45,- / ca. € 48,-;"[{""review_raw"":"""",""review_raw-title"":""2,9 von 5 Sternen""}]"
1732267909-137;https://www.skiresort.ch/skigebiete/schweiz/seite/2;Wispile – Gstaad;1043 m;1939 m;;3,6 km;3,7 km;1,6 km;5 Lifte/Bahnen;SFr. 84,- / ca. € 90,-;"[{""review_raw"":"""",""review_raw-title"":""2,9 von 5 Sternen""}]"
1732267909-138;https://www.skiresort.ch/skigebiete/schweiz/seite/2;Unterbäch – Brandalp/​Ginals;1230 m;2443 m;;10 km;6 km;3 km;7 Lifte/Bahnen;SFr. 49,- / ca. € 52,-;"[{""review_raw"":"""",""review_raw-title"":""2,9 von 5 Sternen""}]"
1732267909-139;https://www.skiresort.ch/skigebiete/schweiz/seite/2;Elsigen-Metsch – Frutigen;1334 m;2289 m;;10 km;17 km;3 km;11 Lifte/Bahnen;;"[{""review_raw"":"""",""review_raw-title"":""2,9 von 5 Sternen""}]"
1732267909-140;https://www.skiresort.ch/skigebiete/schweiz/seite/2;TschentenAlp – Adelboden;1367 m;1950 m;;1,5 km;7 km;1,5 km;4 Lifte/Bahnen;SFr. 49,- / ca. € 52,-;"[{""review_raw"":"""",""review_raw-title"":""2,8 von 5 Sternen""}]"
1732267909-141;https://www.skiresort.ch/skigebiete/schweiz/seite/2;La Robella – Buttes (Val-de-Travers);780 m;1446 m;;10 km;5 km;5 km;4 Lifte/Bahnen;SFr. 29,- / ca. € 31,-;"[{""review_raw"":"""",""review_raw-title"":""2,8 von 5 Sternen""}]"
1732267909-142;https://www.skiresort.ch/skigebiete/schweiz/seite/2;Sarn (Heinzenberg);1300 m;2075 m;;8 km;10 km;2 km;4 Lifte/Bahnen;SFr. 36,- / ca. € 38,-;"[{""review_raw"":"""",""review_raw-title"":""2,8 von 5 Sternen""}]"
1732267909-143;https://www.skiresort.ch/skigebiete/schweiz/seite/2;Wiriehorn;984 m;1868 m;;9,5 km;5 km;3 km;7 Lifte/Bahnen;SFr. 55,- / ca. € 59,-;"[{""review_raw"":"""",""review_raw-title"":""2,8 von 5 Sternen""}]"
1732267909-144;https://www.skiresort.ch/skigebiete/schweiz/seite/2;Marbach – Marbachegg;885 m;1474 m;;5 km;2,4 km;0 km;5 Lifte/Bahnen;SFr. 41,- / ca. € 44,-;"[{""review_raw"":"""",""review_raw-title"":""2,8 von 5 Sternen""}]"
1732267909-145;https://www.skiresort.ch/skigebiete/schweiz/seite/2;Hochwang – Goldgruben;1544 m;2299 m;;9 km;9 km;2 km;3 Lifte/Bahnen;SFr. 55,- / ca. € 59,-;"[{""review_raw"":"""",""review_raw-title"":""2,8 von 5 Sternen""}]"
1732267909-146;https://www.skiresort.ch/skigebiete/schweiz/seite/2;Les Mosses/​La Lécherette;1379 m;1874 m;;10 km;30 km;0 km;14 Lifte/Bahnen;SFr. 65,- / ca. € 69,-;"[{""review_raw"":"""",""review_raw-title"":""2,8 von 5 Sternen""}]"
1732267909-147;https://www.skiresort.ch/skigebiete/schweiz/seite/2;Bivio;1769 m;2560 m;;13 km;13 km;4 km;4 Lifte/Bahnen;SFr. 46,- / ca. € 49,-;"[{""review_raw"":"""",""review_raw-title"":""2,8 von 5 Sternen""}]"
1732267909-148;https://www.skiresort.ch/skigebiete/schweiz/seite/2;Rosswald – Brig;1820 m;2536 m;;3 km;2 km;4 km;6 Lifte/Bahnen;SFr. 49,- / ca. € 52,-;"[{""review_raw"":"""",""review_raw-title"":""2,8 von 5 Sternen""}]"
1732267909-149;https://www.skiresort.ch/skigebiete/schweiz/seite/2;La Fouly;1607 m;2172 m;;6 km;4 km;5 km;4 Lifte/Bahnen;SFr. 43,- / ca. € 46,-;"[{""review_raw"":"""",""review_raw-title"":""2,8 von 5 Sternen""}]"
1732267909-150;https://www.skiresort.ch/skigebiete/schweiz/seite/2;Bugnenets-Savagnières – Saint-Imier;1078 m;1449 m;;10 km;10 km;10 km;8 Lifte/Bahnen;SFr. 42,- / ca. € 45,-;"[{""review_raw"":"""",""review_raw-title"":""2,8 von 5 Sternen""}]"
1732267909-151;https://www.skiresort.ch/skigebiete/schweiz/seite/2;Champex-Lac (Orsières);1468 m;2194 m;;10,5 km;3 km;1,5 km;4 Lifte/Bahnen;SFr. 43,- / ca. € 46,-;"[{""review_raw"":"""",""review_raw-title"":""2,8 von 5 Sternen""}]"
1732267909-152;https://www.skiresort.ch/skigebiete/schweiz/seite/2;Sattel – Hochstuckli;800 m;1491 m;;2 km;1 km;0 km;6 Lifte/Bahnen;SFr. 35,- / ca. € 37,-;"[{""review_raw"":"""",""review_raw-title"":""2,8 von 5 Sternen""}]"
1732267909-153;https://www.skiresort.ch/skigebiete/schweiz/seite/2;Amden – Arvenbüel/​Mattstock;931 m;1684 m;;5,5 km;11,5 km;0 km;6 Lifte/Bahnen;SFr. 38,- / ca. € 41,-;"[{""review_raw"":"""",""review_raw-title"":""2,8 von 5 Sternen""}]"
1732267909-154;https://www.skiresort.ch/skigebiete/schweiz/seite/2;Eischoll;1260 m;2200 m;;10 km;4,5 km;0,5 km;4 Lifte/Bahnen;SFr. 49,- / ca. € 52,-;"[{""review_raw"":"""",""review_raw-title"":""2,8 von 5 Sternen""}]"
1732267909-155;https://www.skiresort.ch/skigebiete/schweiz/seite/2;Minschuns – Val Müstair-Tschierv;2126 m;2673 m;;17 km;5 km;3 km;4 Lifte/Bahnen;SFr. 42,- / ca. € 45,-;"[{""review_raw"":"""",""review_raw-title"":""2,8 von 5 Sternen""}]"
1732267909-156;https://www.skiresort.ch/skigebiete/schweiz/seite/2;Heidbodme – Saas-Almagell;1684 m;2347 m;;6,9 km;8,5 km;0 km;7 Lifte/Bahnen;SFr. 55,- / ca. € 59,-;"[{""review_raw"":"""",""review_raw-title"":""2,7 von 5 Sternen""}]"
1732267909-157;https://www.skiresort.ch/skigebiete/schweiz/seite/2;Vichères (Liddes);1595 m;2267 m;;7 km;5 km;3 km;4 Lifte/Bahnen;SFr. 43,- / ca. € 46,-;"[{""review_raw"":"""",""review_raw-title"":""2,7 von 5 Sternen""}]"
1732267909-158;https://www.skiresort.ch/skigebiete/schweiz/seite/2;Rothwald/​Wasenalp (Simplon);1750 m;2270 m;;5 km;15 km;5 km;3 Lifte/Bahnen;SFr. 44,- / ca. € 47,-;"[{""review_raw"":"""",""review_raw-title"":""2,7 von 5 Sternen""}]"
1732267909-159;https://www.skiresort.ch/skigebiete/schweiz/seite/2;Engstligenalp – Adelboden;1971 m;2353 m;;7 km;6 km;4 km;8 Lifte/Bahnen;;"[{""review_raw"":"""",""review_raw-title"":""2,7 von 5 Sternen""}]"
1732267909-160;https://www.skiresort.ch/skigebiete/schweiz/seite/2;Axalp ob Brienz;1422 m;1959 m;;11 km;1,5 km;2,5 km;6 Lifte/Bahnen;SFr. 55,- / ca. € 59,-;"[{""review_raw"":"""",""review_raw-title"":""2,7 von 5 Sternen""}]"
1732267909-161;https://www.skiresort.ch/skigebiete/schweiz/seite/2;Feldis;1480 m;1996 m;;0,3 km;7,5 km;2,5 km;4 Lifte/Bahnen;SFr. 39,- / ca. € 42,-;"[{""review_raw"":"""",""review_raw-title"":""2,7 von 5 Sternen""}]"
1732267909-162;https://www.skiresort.ch/skigebiete/schweiz/seite/2;Brunni – Engelberg;1013 m;2075 m;;3,7 km;2,9 km;1,9 km;10 Lifte/Bahnen;SFr. 46,- / ca. € 49,-;"[{""review_raw"":"""",""review_raw-title"":""2,7 von 5 Sternen""}]"
1732267909-163;https://www.skiresort.ch/skigebiete/schweiz/seite/2;Tschappina/​Urmein (Heinzenberg);1580 m;2180 m;;4 km;21 km;0 km;7 Lifte/Bahnen;SFr. 36,- / ca. € 38,-;"[{""review_raw"":"""",""review_raw-title"":""2,7 von 5 Sternen""}]"
1732267909-164;https://www.skiresort.ch/skigebiete/schweiz/seite/2;Wolzenalp – Krummenau;728 m;1464 m;;0,2 km;9 km;3 km;6 Lifte/Bahnen;SFr. 38,- / ca. € 41,-;"[{""review_raw"":"""",""review_raw-title"":""2,7 von 5 Sternen""}]"
1732267909-165;https://www.skiresort.ch/skigebiete/schweiz/seite/2;Pischa (Davos Klosters);1800 m;2483 m;;;;;1 Lift/Bahn;;"[{""review_raw"":"""",""review_raw-title"":""2,7 von 5 Sternen""}]"
1732267909-166;https://www.skiresort.ch/skigebiete/schweiz/seite/2;Schwanden – Sigriswil;1070 m;1460 m;;11 km;6 km;3 km;3 Lifte/Bahnen;SFr. 32,- / ca. € 34,-;"[{""review_raw"":"""",""review_raw-title"":""2,6 von 5 Sternen""}]"
1732267909-167;https://www.skiresort.ch/skigebiete/schweiz/seite/2;Ebenalp-Horn – Wasserauen/​Schwende;848 m;1720 m;;1 km;7,5 km;1,5 km;7 Lifte/Bahnen;SFr. 38,- / ca. € 41,-;"[{""review_raw"":"""",""review_raw-title"":""2,6 von 5 Sternen""}]"
1732267909-168;https://www.skiresort.ch/skigebiete/schweiz/seite/2;Grimmialp;1233 m;1833 m;;3 km;1,4 km;2,8 km;3 Lifte/Bahnen;SFr. 42,- / ca. € 45,-;"[{""review_raw"":"""",""review_raw-title"":""2,6 von 5 Sternen""}]"
1732267909-169;https://www.skiresort.ch/skigebiete/schweiz/seite/2;Kiental;926 m;1490 m;;2 km;5 km;0 km;3 Lifte/Bahnen;SFr. 20,- / ca. € 21,-;"[{""review_raw"":"""",""review_raw-title"":""2,6 von 5 Sternen""}]"
1732267909-170;https://www.skiresort.ch/skigebiete/schweiz/seite/2;Les Rasses – Sainte-Croix;1142 m;1565 m;;10 km;10 km;0 km;9 Lifte/Bahnen;SFr. 35,- / ca. € 37,-;"[{""review_raw"":"""",""review_raw-title"":""2,6 von 5 Sternen""}]"
1732267909-171;https://www.skiresort.ch/skigebiete/schweiz/seite/2;Jeizinen Feselalp – Gampel/​Steg;1519 m;2193 m;;6 km;2 km;0 km;6 Lifte/Bahnen;SFr. 46,- / ca. € 49,-;"[{""review_raw"":"""",""review_raw-title"":""2,6 von 5 Sternen""}]"
1732267909-172;https://www.skiresort.ch/skigebiete/schweiz/seite/2;Schatzalp – Strela;1609 m;2352 m;;6,1 km;1,7 km;0 km;4 Lifte/Bahnen;SFr. 43,- / ca. € 46,-;"[{""review_raw"":"""",""review_raw-title"":""2,6 von 5 Sternen""}]"
1732267909-173;https://www.skiresort.ch/skigebiete/schweiz/seite/2;Biel-Kinzig – Bürglen;1630 m;1930 m;;2,5 km;4,5 km;0 km;5 Lifte/Bahnen;SFr. 40,- / ca. € 43,-;"[{""review_raw"":"""",""review_raw-title"":""2,6 von 5 Sternen""}]"
1732267909-174;https://www.skiresort.ch/skigebiete/schweiz/seite/2;Espace Super Saint-Bernard – Bourg-St-Pierre  (vorübergehend außer Betrieb);1950 m;2800 m;;3 km;(vorübergehend außer Betrieb);12 km;3 Lifte/Bahnen;SFr. 38,- / ca. € 41,-;[]
1732267909-175;https://www.skiresort.ch/skigebiete/schweiz/seite/2;Rüschegg-Eywald – Lischboden;1050 m;1550 m;;8 km;4 km;1 km;2 Lifte/Bahnen;SFr. 38,- / ca. € 41,-;"[{""review_raw"":"""",""review_raw-title"":""2,6 von 5 Sternen""}]"
1732267909-176;https://www.skiresort.ch/skigebiete/schweiz/seite/2;Niederhorn – Beatenberg;1127 m;1945 m;;2 km;3 km;0 km;3 Lifte/Bahnen;SFr. 42,- / ca. € 45,-;"[{""review_raw"":"""",""review_raw-title"":""2,6 von 5 Sternen""}]"
1732267909-177;https://www.skiresort.ch/skigebiete/schweiz/seite/2;Mörlialp – Giswil;1355 m;1837 m;;2,8 km;7,2 km;2 km;8 Lifte/Bahnen;SFr. 45,- / ca. € 48,-;"[{""review_raw"":"""",""review_raw-title"":""2,6 von 5 Sternen""}]"
1732267909-178;https://www.skiresort.ch/skigebiete/schweiz/seite/2;Eggberge – Altdorf;1460 m;1740 m;;4 km;4 km;0 km;2 Lifte/Bahnen;SFr. 32,- / ca. € 34,-;"[{""review_raw"":"""",""review_raw-title"":""2,6 von 5 Sternen""}]"
1732267909-179;https://www.skiresort.ch/skigebiete/schweiz/seite/2;Languard – Pontresina;1830 m;1920 m;;1 km;0 km;0 km;5 Lifte/Bahnen;SFr. 35,- / ca. € 37,-;"[{""review_raw"":"""",""review_raw-title"":""2,6 von 5 Sternen""}]"
1732267909-180;https://www.skiresort.ch/skigebiete/schweiz/seite/2;Tramelan;920 m;1228 m;;6 km;6 km;2 km;3 Lifte/Bahnen;SFr. 32,- / ca. € 34,-;"[{""review_raw"":"""",""review_raw-title"":""2,6 von 5 Sternen""}]"
1732267909-181;https://www.skiresort.ch/skigebiete/schweiz/seite/2;Fideriser Heuberge – Arflina;1952 m;2356 m;;5 km;9 km;1 km;4 Lifte/Bahnen;SFr. 46,- / ca. € 49,-;"[{""review_raw"":"""",""review_raw-title"":""2,6 von 5 Sternen""}]"
1732267909-182;https://www.skiresort.ch/skigebiete/schweiz/seite/2;Schwefelberg – Badmatte/​Louigrat  (vorübergehend außer Betrieb);1386 m;1704 m;;5 km;(vorübergehend außer Betrieb);2 km;1 Lift/Bahn;SFr. 28,- / ca. € 30,-;"[{""review_raw"":"""",""review_raw-title"":""2,6 von 5 Sternen""}]"
1732267909-183;https://www.skiresort.ch/skigebiete/schweiz/seite/2;Atzmännig – Goldingen;821 m;1198 m;;3 km;5 km;0 km;5 Lifte/Bahnen;SFr. 35,- / ca. € 37,-;"[{""review_raw"":"""",""review_raw-title"":""2,5 von 5 Sternen""}]"
1732267909-184;https://www.skiresort.ch/skigebiete/schweiz/seite/2;Rigi – Scheidegg/​Burggeist;1012 m;1656 m;;5 km;0 km;0 km;5 Lifte/Bahnen;SFr. 34,- / ca. € 36,-;"[{""review_raw"":"""",""review_raw-title"":""2,5 von 5 Sternen""}]"
1732267909-185;https://www.skiresort.ch/skigebiete/schweiz/seite/2;La Forclaz;1730 m;2200 m;;8 km;7 km;0 km;3 Lifte/Bahnen;SFr. 28,- / ca. € 30,-;"[{""review_raw"":"""",""review_raw-title"":""2,5 von 5 Sternen""}]"
1732267909-186;https://www.skiresort.ch/skigebiete/schweiz/seite/2;Gitschenen – Isenthal;1353 m;1570 m;;3 km;2 km;0 km;2 Lifte/Bahnen;SFr. 32,- / ca. € 34,-;"[{""review_raw"":"""",""review_raw-title"":""2,5 von 5 Sternen""}]"
1732267909-187;https://www.skiresort.ch/skigebiete/schweiz/seite/2;Les Paccots/​Châtel-St-Denis – Corbetta;1065 m;1593 m;;5 km;2 km;2 km;11 Lifte/Bahnen;SFr. 39,- / ca. € 42,-;"[{""review_raw"":"""",""review_raw-title"":""2,5 von 5 Sternen""}]"
1732267909-188;https://www.skiresort.ch/skigebiete/schweiz/seite/2;Rigi;1315 m;1752 m;;4,5 km;4,5 km;0 km;7 Lifte/Bahnen;SFr. 78,- / ca. € 83,-;"[{""review_raw"":"""",""review_raw-title"":""2,5 von 5 Sternen""}]"
1732267909-189;https://www.skiresort.ch/skigebiete/schweiz/seite/2;Säntis – Schwägalp;1351 m;2473 m;;;;;1 Lift/Bahn;;"[{""review_raw"":"""",""review_raw-title"":""2,5 von 5 Sternen""}]"
1732267909-190;https://www.skiresort.ch/skigebiete/schweiz/seite/2;Gspon (Staldenried);1865 m;2193 m;;1,5 km;3,5 km;0 km;4 Lifte/Bahnen;SFr. 41,- / ca. € 44,-;"[{""review_raw"":"""",""review_raw-title"":""2,5 von 5 Sternen""}]"
1732267909-191;https://www.skiresort.ch/skigebiete/schweiz/seite/2;Ratzi – Spiringen;950 m;1840 m;;2 km;1,6 km;0 km;2 Lifte/Bahnen;SFr. 36,- / ca. € 38,-;"[{""review_raw"":"""",""review_raw-title"":""2,5 von 5 Sternen""}]"
1732267909-192;https://www.skiresort.ch/skigebiete/schweiz/seite/2;Avers;1988 m;2539 m;;2 km;2 km;4 km;3 Lifte/Bahnen;SFr. 35,- / ca. € 37,-;"[{""review_raw"":"""",""review_raw-title"":""2,5 von 5 Sternen""}]"
1732267909-193;https://www.skiresort.ch/skigebiete/schweiz/seite/2;Les Pléiades;1080 m;1360 m;;4 km;4 km;0 km;7 Lifte/Bahnen;SFr. 37,- / ca. € 39,-;"[{""review_raw"":"""",""review_raw-title"":""2,5 von 5 Sternen""}]"
1732267909-194;https://www.skiresort.ch/skigebiete/schweiz/seite/2;L'Abbaye;1010 m;1437 m;;6 km;3 km;1 km;4 Lifte/Bahnen;SFr. 30,- / ca. € 32,-;"[{""review_raw"":"""",""review_raw-title"":""2,5 von 5 Sternen""}]"
1732267909-195;https://www.skiresort.ch/skigebiete/schweiz/seite/2;Le Pâquier – Crêt-du-Puy;862 m;1263 m;;5,5 km;2,5 km;2 km;3 Lifte/Bahnen;SFr. 32,- / ca. € 34,-;"[{""review_raw"":"""",""review_raw-title"":""2,5 von 5 Sternen""}]"
1732267909-196;https://www.skiresort.ch/skigebiete/schweiz/seite/2;Selital – Schwarzenbühl;1299 m;1606 m;;4,7 km;4,3 km;1,1 km;3 Lifte/Bahnen;SFr. 40,- / ca. € 43,-;"[{""review_raw"":"""",""review_raw-title"":""2,5 von 5 Sternen""}]"
1732267909-197;https://www.skiresort.ch/skigebiete/schweiz/seite/2;Bumbach (Schangnau);920 m;1365 m;;6 km;3 km;1 km;4 Lifte/Bahnen;SFr. 35,- / ca. € 37,-;"[{""review_raw"":"""",""review_raw-title"":""2,5 von 5 Sternen""}]"
1732267909-198;https://www.skiresort.ch/skigebiete/schweiz/seite/2;Neusell – Rothenthurm-Biberegg;954 m;1329 m;;5 km;3,5 km;1,5 km;3 Lifte/Bahnen;SFr. 29,- / ca. € 31,-;"[{""review_raw"":"""",""review_raw-title"":""2,5 von 5 Sternen""}]"
1732267909-199;https://www.skiresort.ch/skigebiete/schweiz/seite/2;Les Breuleux;1070 m;1246 m;;5 km;4 km;1 km;2 Lifte/Bahnen;SFr. 24,- / ca. € 26,-;"[{""review_raw"":"""",""review_raw-title"":""2,5 von 5 Sternen""}]"
1732267909-200;https://www.skiresort.ch/skigebiete/schweiz/seite/2;Habkern – Sattelegg;1100 m;1485 m;;2 km;4 km;2 km;2 Lifte/Bahnen;SFr. 37,- / ca. € 39,-;"[{""review_raw"":"""",""review_raw-title"":""2,5 von 5 Sternen""}]"
1732267909-201;https://www.skiresort.ch/skigebiete/schweiz/seite/2;Bannalp – Oberrickenbach;1663 m;1793 m;;2,5 km;0,5 km;0 km;3 Lifte/Bahnen;SFr. 34,- / ca. € 36,-;"[{""review_raw"":"""",""review_raw-title"":""2,4 von 5 Sternen""}]"
1732267909-202;https://www.skiresort.ch/skigebiete/schweiz/seite/2;Aeschiried;927 m;1389 m;;6,5 km;3 km;0 km;3 Lifte/Bahnen;SFr. 35,- / ca. € 37,-;"[{""review_raw"":"""",""review_raw-title"":""2,4 von 5 Sternen""}]"
1732267909-203;https://www.skiresort.ch/skigebiete/schweiz/seite/2;Kerenzerberg – Filzbach;746 m;1283 m;;;;;1 Lift/Bahn;;"[{""review_raw"":"""",""review_raw-title"":""2,4 von 5 Sternen""}]"
1732267909-204;https://www.skiresort.ch/skigebiete/schweiz/seite/2;Fanas;900 m;1700 m;;0,5 km;0 km;0 km;2 Lifte/Bahnen;;"[{""review_raw"":"""",""review_raw-title"":""2,4 von 5 Sternen""}]"
1732267909-205;https://www.skiresort.ch/skigebiete/schweiz/seite/2;Rathvel – Châtel-St-Denis;1211 m;1491 m;;5 km;3 km;0 km;4 Lifte/Bahnen;SFr. 30,- / ca. € 32,-;"[{""review_raw"":"""",""review_raw-title"":""2,4 von 5 Sternen""}]"
1732267909-206;https://www.skiresort.ch/skigebiete/schweiz/seite/2;Schilt – Mollis;1100 m;1602 m;;3 km;3 km;0 km;2 Lifte/Bahnen;SFr. 33,- / ca. € 35,-;"[{""review_raw"":"""",""review_raw-title"":""2,4 von 5 Sternen""}]"
1732267909-207;https://www.skiresort.ch/skigebiete/schweiz/seite/2;Sollegg – Appenzell;813 m;1204 m;;5 km;2 km;0 km;2 Lifte/Bahnen;SFr. 27,- / ca. € 29,-;"[{""review_raw"":"""",""review_raw-title"":""2,4 von 5 Sternen""}]"
1732267909-208;https://www.skiresort.ch/skigebiete/schweiz/seite/2;Rossberg – Oberwil;1148 m;1464 m;;3,2 km;3,8 km;0 km;2 Lifte/Bahnen;SFr. 37,- / ca. € 39,-;"[{""review_raw"":"""",""review_raw-title"":""2,4 von 5 Sternen""}]"
1732267909-209;https://www.skiresort.ch/skigebiete/schweiz/seite/2;L'Orient;1010 m;1283 m;;2 km;3 km;1 km;2 Lifte/Bahnen;SFr. 30,- / ca. € 32,-;"[{""review_raw"":"""",""review_raw-title"":""2,4 von 5 Sternen""}]"
1732267909-210;https://www.skiresort.ch/skigebiete/schweiz/seite/2;Seebodenalp – Küssnacht;1036 m;1225 m;;2 km;0,5 km;0 km;3 Lifte/Bahnen;SFr. 15,- / ca. € 16,-;"[{""review_raw"":"""",""review_raw-title"":""2,4 von 5 Sternen""}]"
1732267909-211;https://www.skiresort.ch/skigebiete/schweiz/seite/2;Jaunpass – Boltigen;1406 m;1608 m;;3,8 km;1,2 km;1 km;4 Lifte/Bahnen;SFr. 34,- / ca. € 36,-;"[{""review_raw"":"""",""review_raw-title"":""2,4 von 5 Sternen""}]"
1732267909-212;https://www.skiresort.ch/skigebiete/schweiz/seite/2;Springenboden;1207 m;1525 m;;1,5 km;4 km;0,5 km;3 Lifte/Bahnen;SFr. 28,- / ca. € 30,-;"[{""review_raw"":"""",""review_raw-title"":""2,4 von 5 Sternen""}]"
1732267909-213;https://www.skiresort.ch/skigebiete/schweiz/seite/2;Brüsti – Attinghausen;1428 m;1601 m;;0,1 km;1,4 km;0 km;4 Lifte/Bahnen;SFr. 32,- / ca. € 34,-;"[{""review_raw"":"""",""review_raw-title"":""2,4 von 5 Sternen""}]"
1732267909-214;https://www.skiresort.ch/skigebiete/schweiz/seite/2;Gantrisch Gurnigel;1340 m;1590 m;;4 km;2 km;0 km;3 Lifte/Bahnen;SFr. 37,- / ca. € 39,-;"[{""review_raw"":"""",""review_raw-title"":""2,4 von 5 Sternen""}]"
1732267909-215;https://www.skiresort.ch/skigebiete/schweiz/seite/2;Le Brassus;1060 m;1361 m;;2,5 km;1,5 km;1 km;2 Lifte/Bahnen;SFr. 30,- / ca. € 32,-;"[{""review_raw"":"""",""review_raw-title"":""2,4 von 5 Sternen""}]"
1732267909-216;https://www.skiresort.ch/skigebiete/schweiz/seite/2;Eriz;1044 m;1378 m;;4 km;2 km;0 km;6 Lifte/Bahnen;SFr. 34,- / ca. € 36,-;"[{""review_raw"":"""",""review_raw-title"":""2,4 von 5 Sternen""}]"
1732267909-217;https://www.skiresort.ch/skigebiete/schweiz/seite/2;Dent de Vaulion – Le Morez;1150 m;1478 m;;2,5 km;1,5 km;1 km;2 Lifte/Bahnen;SFr. 30,- / ca. € 32,-;"[{""review_raw"":"""",""review_raw-title"":""2,4 von 5 Sternen""}]"
1732267909-218;https://www.skiresort.ch/skigebiete/schweiz/seite/2;Wirzweli – Dallenwil;1215 m;1350 m;;1 km;0 km;0 km;3 Lifte/Bahnen;SFr. 31,- / ca. € 33,-;"[{""review_raw"":"""",""review_raw-title"":""2,3 von 5 Sternen""}]"
1732267909-219;https://www.skiresort.ch/skigebiete/schweiz/seite/2;Balmberg;1062 m;1270 m;;2 km;3 km;0 km;3 Lifte/Bahnen;SFr. 32,- / ca. € 34,-;"[{""review_raw"":"""",""review_raw-title"":""2,3 von 5 Sternen""}]"
1732267909-220;https://www.skiresort.ch/skigebiete/schweiz/seite/2;Steg im Tösstal;700 m;1000 m;;3 km;2 km;0 km;2 Lifte/Bahnen;SFr. 30,- / ca. € 32,-;"[{""review_raw"":"""",""review_raw-title"":""2,3 von 5 Sternen""}]"
1732267909-221;https://www.skiresort.ch/skigebiete/schweiz/seite/2;Pany (Luzein);1330 m;1550 m;;3 km;2 km;0 km;2 Lifte/Bahnen;SFr. 32,- / ca. € 34,-;"[{""review_raw"":"""",""review_raw-title"":""2,3 von 5 Sternen""}]"
1732267909-222;https://www.skiresort.ch/skigebiete/schweiz/seite/2;Prato (Leventina);1045 m;1270 m;;1 km;2 km;1 km;2 Lifte/Bahnen;SFr. 21,- / ca. € 22,-;"[{""review_raw"":"""",""review_raw-title"":""2,3 von 5 Sternen""}]"
1732267909-223;https://www.skiresort.ch/skigebiete/schweiz/seite/2;Les Prés d'Orvin;1030 m;1230 m;;2,5 km;2,5 km;0 km;5 Lifte/Bahnen;SFr. 30,- / ca. € 32,-;"[{""review_raw"":"""",""review_raw-title"":""2,3 von 5 Sternen""}]"
1732267909-224;https://www.skiresort.ch/skigebiete/schweiz/seite/2;Haldigrat;1230 m;1937 m;;;;;1 Lift/Bahn;;[]
1732267909-225;https://www.skiresort.ch/skigebiete/schweiz/seite/2;Heiden – Bischofsberg;810 m;940 m;;4 km;1 km;0 km;2 Lifte/Bahnen;SFr. 28,- / ca. € 30,-;"[{""review_raw"":"""",""review_raw-title"":""2,3 von 5 Sternen""}]"
1732267909-226;https://www.skiresort.ch/skigebiete/schweiz/seite/2;La Corbatière – La Roche-aux-Crocs;1090 m;1348 m;;2,1 km;1,5 km;1 km;3 Lifte/Bahnen;SFr. 25,- / ca. € 27,-;"[{""review_raw"":"""",""review_raw-title"":""2,3 von 5 Sternen""}]"
1732267909-227;https://www.skiresort.ch/skigebiete/schweiz/seite/2;Les Genevez;1024 m;1147 m;;2 km;1,5 km;0,5 km;2 Lifte/Bahnen;SFr. 20,- / ca. € 21,-;"[{""review_raw"":"""",""review_raw-title"":""2,3 von 5 Sternen""}]"
1732267909-228;https://www.skiresort.ch/skigebiete/schweiz/seite/2;Tenna;1660 m;1780 m;;3,5 km;1 km;0 km;1 Lift/Bahn;SFr. 25,- / ca. € 27,-;"[{""review_raw"":"""",""review_raw-title"":""2,3 von 5 Sternen""}]"
1732267909-229;https://www.skiresort.ch/skigebiete/schweiz/seite/2;Fischenthal-Aurüti – Oberegg;827 m;1052 m;;1,7 km;1,5 km;0,8 km;2 Lifte/Bahnen;SFr. 29,- / ca. € 31,-;"[{""review_raw"":"""",""review_raw-title"":""2,3 von 5 Sternen""}]"
1732267909-230;https://www.skiresort.ch/skigebiete/schweiz/seite/2;Vorderthal – Skilift Wägital;750 m;1260 m;;2 km;1 km;0 km;1 Lift/Bahn;;"[{""review_raw"":"""",""review_raw-title"":""2,3 von 5 Sternen""}]"
1732267909-231;https://www.skiresort.ch/skigebiete/schweiz/seite/2;Tanzboden – Ebnat-Kappel;865 m;1181 m;;2 km;1,5 km;0 km;2 Lifte/Bahnen;SFr. 32,- / ca. € 34,-;"[{""review_raw"":"""",""review_raw-title"":""2,3 von 5 Sternen""}]"
1732267909-232;https://www.skiresort.ch/skigebiete/schweiz/seite/2;Oberholz – Farner;852 m;1155 m;;3 km;1 km;0 km;3 Lifte/Bahnen;SFr. 32,- / ca. € 34,-;"[{""review_raw"":"""",""review_raw-title"":""2,3 von 5 Sternen""}]"
1732267909-233;https://www.skiresort.ch/skigebiete/schweiz/seite/2;Alpsteinblick – Gonten;890 m;1142 m;;3 km;1 km;0 km;3 Lifte/Bahnen;SFr. 27,- / ca. € 29,-;"[{""review_raw"":"""",""review_raw-title"":""2,3 von 5 Sternen""}]"
1732267909-234;https://www.skiresort.ch/skigebiete/schweiz/seite/2;Pian Cales – San Bernardino;1625 m;1791 m;;2,9 km;1,6 km;0 km;4 Lifte/Bahnen;SFr. 25,- / ca. € 27,-;"[{""review_raw"":"""",""review_raw-title"":""2,3 von 5 Sternen""}]"
1732267909-235;https://www.skiresort.ch/skigebiete/schweiz/seite/2;Hohe Winde – Beinwil;760 m;1060 m;;3 km;1 km;0 km;2 Lifte/Bahnen;SFr. 28,- / ca. € 30,-;"[{""review_raw"":"""",""review_raw-title"":""2,3 von 5 Sternen""}]"
1732267909-236;https://www.skiresort.ch/skigebiete/schweiz/seite/2;Hohwald – Beatenberg-Waldegg;1291 m;1605 m;;2 km;2 km;0 km;3 Lifte/Bahnen;SFr. 32,- / ca. € 34,-;"[{""review_raw"":"""",""review_raw-title"":""2,3 von 5 Sternen""}]"
1732267909-237;https://www.skiresort.ch/skigebiete/schweiz/seite/2;Ottenleue – Sangernboden;1450 m;1600 m;;1,7 km;1,1 km;0,8 km;1 Lift/Bahn;SFr. 26,- / ca. € 28,-;"[{""review_raw"":"""",""review_raw-title"":""2,3 von 5 Sternen""}]"
1732267909-238;https://www.skiresort.ch/skigebiete/schweiz/seite/2;Heiligkreuz-First – Hasle;1133 m;1468 m;;2 km;2 km;0 km;2 Lifte/Bahnen;SFr. 25,- / ca. € 27,-;"[{""review_raw"":"""",""review_raw-title"":""2,3 von 5 Sternen""}]"
1732267909-239;https://www.skiresort.ch/skigebiete/schweiz/seite/2;Dent de Jaman – Montreux;1354 m;1738 m;;0 km;3 km;0 km;2 Lifte/Bahnen;SFr. 37,- / ca. € 39,-;"[{""review_raw"":"""",""review_raw-title"":""2,3 von 5 Sternen""}]"
1732267909-240;https://www.skiresort.ch/skigebiete/schweiz/seite/2;Gurten – Bern;845 m;855 m;;0,2 km;0 km;0 km;2 Lifte/Bahnen;SFr. 5,- / ca. € 5,-;"[{""review_raw"":"""",""review_raw-title"":""2,3 von 5 Sternen""}]"
1732267909-241;https://www.skiresort.ch/skigebiete/schweiz/seite/2;Sommartel – Le Locle;1117 m;1301 m;;1,6 km;0,6 km;0,8 km;2 Lifte/Bahnen;SFr. 20,- / ca. € 21,-;"[{""review_raw"":"""",""review_raw-title"":""2,3 von 5 Sternen""}]"
1732267909-242;https://www.skiresort.ch/skigebiete/schweiz/seite/2;Aela – Maloja;1801 m;2136 m;;0,5 km;1,5 km;1 km;2 Lifte/Bahnen;SFr. 35,- / ca. € 37,-;"[{""review_raw"":"""",""review_raw-title"":""2,3 von 5 Sternen""}]"
1732267909-243;https://www.skiresort.ch/skigebiete/schweiz/seite/2;Mastrils;720 m;940 m;;2 km;1 km;0 km;1 Lift/Bahn;SFr. 18,- / ca. € 19,-;"[{""review_raw"":"""",""review_raw-title"":""2,3 von 5 Sternen""}]"
1732267909-244;https://www.skiresort.ch/skigebiete/schweiz/seite/2;Le Crêt-Meuron – Fontaines (Les Gollières);1270 m;1340 m;;2 km;1 km;0 km;1 Lift/Bahn;SFr. 25,- / ca. € 27,-;"[{""review_raw"":"""",""review_raw-title"":""2,3 von 5 Sternen""}]"
1732267909-245;https://www.skiresort.ch/skigebiete/schweiz/seite/2;Zugerberg;925 m;940 m;;0,2 km;0 km;0 km;3 Lifte/Bahnen;SFr. 5,- / ca. € 5,-;"[{""review_raw"":"""",""review_raw-title"":""2,3 von 5 Sternen""}]"
1732267909-246;https://www.skiresort.ch/skigebiete/schweiz/seite/2;Chapeau Râblé – La Chaux-de-Fonds;1087 m;1233 m;;2 km;1 km;0 km;1 Lift/Bahn;SFr. 24,- / ca. € 26,-;"[{""review_raw"":"""",""review_raw-title"":""2,3 von 5 Sternen""}]"
1732267909-247;https://www.skiresort.ch/skigebiete/schweiz/seite/2;Gfellen – Entlebuch-Finsterwald;1025 m;1295 m;;4,5 km;0 km;0 km;2 Lifte/Bahnen;SFr. 25,- / ca. € 27,-;"[{""review_raw"":"""",""review_raw-title"":""2,3 von 5 Sternen""}]"
1732267909-248;https://www.skiresort.ch/skigebiete/schweiz/seite/2;Eggiwil – Netschbühl;720 m;1020 m;;2,5 km;0,5 km;0 km;1 Lift/Bahn;SFr. 27,- / ca. € 29,-;"[{""review_raw"":"""",""review_raw-title"":""2,3 von 5 Sternen""}]"
1732267909-249;https://www.skiresort.ch/skigebiete/schweiz/seite/2;St. Antönien;1405 m;1656 m;;2 km;1 km;0 km;2 Lifte/Bahnen;;"[{""review_raw"":"""",""review_raw-title"":""2,3 von 5 Sternen""}]"
1732267909-250;https://www.skiresort.ch/skigebiete/schweiz/seite/2;St. Cergue;1040 m;1220 m;;2 km;1 km;0 km;3 Lifte/Bahnen;SFr. 20,- / ca. € 21,-;"[{""review_raw"":"""",""review_raw-title"":""2,3 von 5 Sternen""}]"
1732267909-251;https://www.skiresort.ch/skigebiete/schweiz/seite/2;Homberg;940 m;1093 m;;3 km;0 km;0 km;1 Lift/Bahn;SFr. 20,- / ca. € 21,-;"[{""review_raw"":"""",""review_raw-title"":""2,2 von 5 Sternen""}]"
1732267909-252;https://www.skiresort.ch/skigebiete/schweiz/seite/2;Mutten;1724 m;1863 m;;3 km;0 km;0 km;1 Lift/Bahn;SFr. 23,- / ca. € 25,-;"[{""review_raw"":"""",""review_raw-title"":""2,2 von 5 Sternen""}]"
1732267909-253;https://www.skiresort.ch/skigebiete/schweiz/seite/2;Münster-Geschinen;1363 m;1645 m;;3 km;0 km;0 km;2 Lifte/Bahnen;SFr. 25,- / ca. € 27,-;"[{""review_raw"":"""",""review_raw-title"":""2,2 von 5 Sternen""}]"
1732267909-254;https://www.skiresort.ch/skigebiete/schweiz/seite/2;Oberegg – Skilift St. Anton;855 m;1110 m;;3,5 km;0 km;0 km;1 Lift/Bahn;SFr. 28,- / ca. € 30,-;"[{""review_raw"":"""",""review_raw-title"":""2,2 von 5 Sternen""}]"
1732267909-255;https://www.skiresort.ch/skigebiete/schweiz/seite/2;La Chia – Bulle;998 m;1309 m;;3 km;0 km;0 km;1 Lift/Bahn;SFr. 20,- / ca. € 21,-;"[{""review_raw"":"""",""review_raw-title"":""2,2 von 5 Sternen""}]"
1732267909-256;https://www.skiresort.ch/skigebiete/schweiz/seite/2;Langenbruck – Untere/​Obere Wanne;720 m;940 m;;3 km;0 km;0 km;2 Lifte/Bahnen;SFr. 35,- / ca. € 37,-;"[{""review_raw"":"""",""review_raw-title"":""2,2 von 5 Sternen""}]"
1732267909-257;https://www.skiresort.ch/skigebiete/schweiz/seite/2;La Côte-aux-Fées;980 m;1080 m;;3 km;0 km;0 km;1 Lift/Bahn;;"[{""review_raw"":"""",""review_raw-title"":""2,2 von 5 Sternen""}]"
1732267909-258;https://www.skiresort.ch/skigebiete/schweiz/seite/2;Degersheim – Fuchsacker;815 m;1034 m;;3 km;0 km;0 km;3 Lifte/Bahnen;SFr. 30,- / ca. € 32,-;"[{""review_raw"":"""",""review_raw-title"":""2,2 von 5 Sternen""}]"
1732267909-259;https://www.skiresort.ch/skigebiete/schweiz/seite/2;Saint-George;977 m;1140 m;;1,2 km;0,8 km;0 km;2 Lifte/Bahnen;SFr. 20,- / ca. € 21,-;"[{""review_raw"":"""",""review_raw-title"":""2,2 von 5 Sternen""}]"
1732267909-260;https://www.skiresort.ch/skigebiete/schweiz/seite/2;Lauenen;1240 m;1400 m;;1,3 km;1,2 km;0 km;1 Lift/Bahn;SFr. 37,- / ca. € 39,-;"[{""review_raw"":"""",""review_raw-title"":""2,2 von 5 Sternen""}]"
1732267909-261;https://www.skiresort.ch/skigebiete/schweiz/seite/2;Rochers de Naye – Montreux;1898 m;2012 m;;0,6 km;0,4 km;0 km;3 Lifte/Bahnen;SFr. 37,- / ca. € 39,-;"[{""review_raw"":"""",""review_raw-title"":""2,2 von 5 Sternen""}]"
1732267909-262;https://www.skiresort.ch/skigebiete/schweiz/seite/2;Flensa – Seewis;1015 m;1185 m;;2 km;0 km;0 km;1 Lift/Bahn;SFr. 20,- / ca. € 21,-;"[{""review_raw"":"""",""review_raw-title"":""2,2 von 5 Sternen""}]"
1732267909-263;https://www.skiresort.ch/skigebiete/schweiz/seite/2;Oberiberg;1080 m;1355 m;;2,2 km;0 km;0 km;4 Lifte/Bahnen;SFr. 28,- / ca. € 30,-;"[{""review_raw"":"""",""review_raw-title"":""2,2 von 5 Sternen""}]"
1732267909-264;https://www.skiresort.ch/skigebiete/schweiz/seite/2;Hochwacht – Mosnang;720 m;835 m;;0,8 km;0,6 km;0,4 km;1 Lift/Bahn;SFr. 18,- / ca. € 19,-;"[{""review_raw"":"""",""review_raw-title"":""2,2 von 5 Sternen""}]"
1732267909-265;https://www.skiresort.ch/skigebiete/schweiz/seite/2;Grub-Kaien;845 m;1065 m;;2 km;0 km;0 km;1 Lift/Bahn;SFr. 30,- / ca. € 32,-;"[{""review_raw"":"""",""review_raw-title"":""2,2 von 5 Sternen""}]"
1732267909-266;https://www.skiresort.ch/skigebiete/schweiz/seite/2;Campo Blenio;1207 m;1578 m;;2 km;0 km;0 km;3 Lifte/Bahnen;SFr. 32,- / ca. € 34,-;"[{""review_raw"":"""",""review_raw-title"":""2,2 von 5 Sternen""}]"
1732267909-267;https://www.skiresort.ch/skigebiete/schweiz/seite/2;Schwengimatt;993 m;1110 m;;1 km;0,5 km;0,2 km;1 Lift/Bahn;SFr. 17,- / ca. € 18,-;"[{""review_raw"":"""",""review_raw-title"":""2,2 von 5 Sternen""}]"
1732267909-268;https://www.skiresort.ch/skigebiete/schweiz/seite/2;Druni KidsArena – Valtgeva;1447 m;1538 m;;2 km;0 km;0 km;3 Lifte/Bahnen;SFr. 27,- / ca. € 29,-;"[{""review_raw"":"""",""review_raw-title"":""2,2 von 5 Sternen""}]"
1732267909-269;https://www.skiresort.ch/skigebiete/schweiz/seite/2;Tèct/​Zinols – Bergün;1371 m;1540 m;;2 km;0 km;0 km;2 Lifte/Bahnen;SFr. 35,- / ca. € 37,-;"[{""review_raw"":"""",""review_raw-title"":""2,2 von 5 Sternen""}]"
1732267909-270;https://www.skiresort.ch/skigebiete/schweiz/seite/2;Faltschen – Reichenbach;1032 m;1359 m;;2,2 km;0 km;0 km;2 Lifte/Bahnen;SFr. 32,- / ca. € 34,-;"[{""review_raw"":"""",""review_raw-title"":""2,2 von 5 Sternen""}]"
1732267909-271;https://www.skiresort.ch/skigebiete/schweiz/seite/2;Linden – Schindelberg;920 m;1088 m;;2,2 km;0 km;0 km;3 Lifte/Bahnen;SFr. 33,- / ca. € 35,-;"[{""review_raw"":"""",""review_raw-title"":""2,2 von 5 Sternen""}]"
1732267909-272;https://www.skiresort.ch/skigebiete/schweiz/seite/2;Brunni – Alpthal;1100 m;1200 m;;1,1 km;0,2 km;0 km;1 Lift/Bahn;SFr. 28,- / ca. € 30,-;"[{""review_raw"":"""",""review_raw-title"":""2,2 von 5 Sternen""}]"
1732267909-273;https://www.skiresort.ch/skigebiete/schweiz/seite/2;Nods;950 m;1025 m;;1,2 km;0,8 km;0 km;3 Lifte/Bahnen;SFr. 16,- / ca. € 17,-;"[{""review_raw"":"""",""review_raw-title"":""2,2 von 5 Sternen""}]"
1732267909-274;https://www.skiresort.ch/skigebiete/schweiz/seite/2;Heiti – Gsteig bei Gstaad;1227 m;1370 m;;0,7 km;0,6 km;0 km;1 Lift/Bahn;SFr. 84,- / ca. € 90,-;"[{""review_raw"":"""",""review_raw-title"":""2,2 von 5 Sternen""}]"
1732267909-275;https://www.skiresort.ch/skigebiete/schweiz/seite/2;Schafmatt – Oltingen;730 m;857 m;;0,6 km;0,4 km;0 km;1 Lift/Bahn;SFr. 12,- / ca. € 13,-;"[{""review_raw"":"""",""review_raw-title"":""2,2 von 5 Sternen""}]"
1732267909-276;https://www.skiresort.ch/skigebiete/schweiz/seite/2;Friherrenberg – Einsiedeln;918 m;1113 m;;2 km;0 km;0 km;2 Lifte/Bahnen;SFr. 27,- / ca. € 29,-;"[{""review_raw"":"""",""review_raw-title"":""2,2 von 5 Sternen""}]"
1732267909-277;https://www.skiresort.ch/skigebiete/schweiz/seite/2;Nollen – Unterägeri;765 m;1046 m;;2 km;0 km;0 km;2 Lifte/Bahnen;SFr. 20,- / ca. € 21,-;"[{""review_raw"":"""",""review_raw-title"":""2,2 von 5 Sternen""}]"
1732267909-278;https://www.skiresort.ch/skigebiete/schweiz/seite/2;Schwellbrunn;1022 m;1084 m;;1 km;0 km;0 km;1 Lift/Bahn;SFr. 28,- / ca. € 30,-;"[{""review_raw"":"""",""review_raw-title"":""2,2 von 5 Sternen""}]"
1732267909-279;https://www.skiresort.ch/skigebiete/schweiz/seite/2;Lüina – Airolo;1180 m;1250 m;;1 km;0 km;0 km;2 Lifte/Bahnen;SFr. 22,- / ca. € 23,-;"[{""review_raw"":"""",""review_raw-title"":""2,2 von 5 Sternen""}]"
1732267909-280;https://www.skiresort.ch/skigebiete/schweiz/seite/2;Heimenschwand – Buchholterberg;1005 m;1183 m;;1 km;0 km;0 km;1 Lift/Bahn;SFr. 28,- / ca. € 30,-;"[{""review_raw"":"""",""review_raw-title"":""2,2 von 5 Sternen""}]"
1732267909-281;https://www.skiresort.ch/skigebiete/schweiz/seite/2;Hätzingen – Loh;615 m;701 m;;1 km;0 km;0 km;1 Lift/Bahn;SFr. 14,- / ca. € 15,-;"[{""review_raw"":"""",""review_raw-title"":""2,2 von 5 Sternen""}]"
1732267909-282;https://www.skiresort.ch/skigebiete/schweiz/seite/2;La Lorette – Bourg-Saint-Pierre;1550 m;1600 m;;1 km;0 km;0 km;1 Lift/Bahn;SFr. 15,- / ca. € 16,-;"[{""review_raw"":"""",""review_raw-title"":""2,2 von 5 Sternen""}]"
1732267909-283;https://www.skiresort.ch/skigebiete/schweiz/seite/2;Föhrlimatt – Wegenstetten;500 m;575 m;;1 km;0 km;0 km;1 Lift/Bahn;SFr. 18,- / ca. € 19,-;"[{""review_raw"":"""",""review_raw-title"":""2,2 von 5 Sternen""}]"
1732267909-284;https://www.skiresort.ch/skigebiete/schweiz/seite/2;Péra – Trun;920 m;1040 m;;1,2 km;0 km;0 km;1 Lift/Bahn;SFr. 24,- / ca. € 26,-;"[{""review_raw"":"""",""review_raw-title"":""2,2 von 5 Sternen""}]"
1732267909-285;https://www.skiresort.ch/skigebiete/schweiz/seite/2;Mogno;1150 m;1275 m;;1,2 km;0,3 km;0 km;2 Lifte/Bahnen;SFr. 16,- / ca. € 17,-;"[{""review_raw"":"""",""review_raw-title"":""2,2 von 5 Sternen""}]"
1732267909-286;https://www.skiresort.ch/skigebiete/schweiz/seite/2;Téléconthey – Mayens de Conthey;1281 m;1439 m;;1 km;0 km;0 km;1 Lift/Bahn;SFr. 20,- / ca. € 21,-;"[{""review_raw"":"""",""review_raw-title"":""2,2 von 5 Sternen""}]"
1732267909-287;https://www.skiresort.ch/skigebiete/schweiz/seite/2;Tristeli – St. Margrethenberg;1195 m;1447 m;;1 km;0 km;0 km;1 Lift/Bahn;SFr. 28,- / ca. € 30,-;"[{""review_raw"":"""",""review_raw-title"":""2,2 von 5 Sternen""}]"
1732267909-288;https://www.skiresort.ch/skigebiete/schweiz/seite/2;Müsella – La Punt;1698 m;1787 m;;1 km;0 km;0 km;2 Lifte/Bahnen;SFr. 34,- / ca. € 36,-;"[{""review_raw"":"""",""review_raw-title"":""2,2 von 5 Sternen""}]"
1732267909-289;https://www.skiresort.ch/skigebiete/schweiz/seite/2;Dreieck – Glarus;513 m;682 m;;1 km;0 km;0 km;1 Lift/Bahn;SFr. 18,- / ca. € 19,-;"[{""review_raw"":"""",""review_raw-title"":""2,2 von 5 Sternen""}]"
1732267909-290;https://www.skiresort.ch/skigebiete/schweiz/seite/2;Hapfere – Plaffeien;850 m;935 m;;1 km;0 km;0 km;1 Lift/Bahn;SFr. 20,- / ca. € 21,-;"[{""review_raw"":"""",""review_raw-title"":""2,2 von 5 Sternen""}]"
1732267909-291;https://www.skiresort.ch/skigebiete/schweiz/seite/2;Chuderhüsi – Röthenbach;1018 m;1091 m;;1 km;0 km;0 km;1 Lift/Bahn;SFr. 24,- / ca. € 26,-;"[{""review_raw"":"""",""review_raw-title"":""2,2 von 5 Sternen""}]"
1732267909-292;https://www.skiresort.ch/skigebiete/schweiz/seite/2;Buchserberg-Malbun – Buchs;1379 m;1485 m;;1,2 km;0 km;0 km;1 Lift/Bahn;SFr. 18,- / ca. € 19,-;"[{""review_raw"":"""",""review_raw-title"":""2,2 von 5 Sternen""}]"
1732267909-293;https://www.skiresort.ch/skigebiete/schweiz/seite/2;Sattelegg – Vorderthal/​Einsiedeln-Willerzell;1180 m;1220 m;;1 km;0 km;0 km;1 Lift/Bahn;SFr. 18,- / ca. € 19,-;"[{""review_raw"":"""",""review_raw-title"":""2,2 von 5 Sternen""}]"
1732267909-294;https://www.skiresort.ch/skigebiete/schweiz/seite/2;Vögelinsegg – Speicher;970 m;1030 m;;1 km;0 km;0 km;1 Lift/Bahn;SFr. 26,- / ca. € 28,-;"[{""review_raw"":"""",""review_raw-title"":""2,2 von 5 Sternen""}]"
1732267909-295;https://www.skiresort.ch/skigebiete/schweiz/seite/2;Hemberg;900 m;1193 m;;1,5 km;0 km;0 km;2 Lifte/Bahnen;SFr. 27,- / ca. € 29,-;"[{""review_raw"":"""",""review_raw-title"":""2,2 von 5 Sternen""}]"
1732267909-296;https://www.skiresort.ch/skigebiete/schweiz/seite/2;Gais;937 m;1025 m;;1 km;0 km;0 km;1 Lift/Bahn;;"[{""review_raw"":"""",""review_raw-title"":""2,2 von 5 Sternen""}]"
1732267909-297;https://www.skiresort.ch/skigebiete/schweiz/seite/2;Survih – Samedan;1760 m;1912 m;;1,5 km;0 km;0 km;3 Lifte/Bahnen;SFr. 39,- / ca. € 42,-;"[{""review_raw"":"""",""review_raw-title"":""2,2 von 5 Sternen""}]"
1732267909-298;https://www.skiresort.ch/skigebiete/schweiz/seite/2;Bennau – Einsiedeln;882 m;1056 m;;1 km;0 km;0 km;3 Lifte/Bahnen;SFr. 34,- / ca. € 36,-;"[{""review_raw"":"""",""review_raw-title"":""2,2 von 5 Sternen""}]"
1732267909-299;https://www.skiresort.ch/skigebiete/schweiz/seite/2;Les Verrières;920 m;1010 m;;1,6 km;0,2 km;0 km;2 Lifte/Bahnen;SFr. 10,- / ca. € 11,-;"[{""review_raw"":"""",""review_raw-title"":""2,2 von 5 Sternen""}]"
1732267909-300;https://www.skiresort.ch/skigebiete/schweiz/seite/2;Urnäsch – Osteregg;850 m;1080 m;;1,7 km;0 km;0 km;2 Lifte/Bahnen;SFr. 27,- / ca. € 29,-;"[{""review_raw"":"""",""review_raw-title"":""2,2 von 5 Sternen""}]"
1732267909-301;https://www.skiresort.ch/skigebiete/schweiz/seite/2;Mont Gibloux;965 m;1152 m;;1 km;0,4 km;0 km;2 Lifte/Bahnen;SFr. 18,- / ca. € 19,-;"[{""review_raw"":"""",""review_raw-title"":""2,2 von 5 Sternen""}]"
1732267909-302;https://www.skiresort.ch/skigebiete/schweiz/?pn;Ischgl/​Samnaun – Silvretta Arena;1360 m;2872 m;Engadin Samnaun Val Müstair;47 km;140 km;52 km;46 Lifte/Bahnen;€ 76,-;"[{""review_raw"":"""",""review_raw-title"":""4,8 von 5 Sternen""}]"
1732267909-303;https://www.skiresort.ch/skigebiete/schweiz/?pn;Kleine Scheidegg/​Männlichen – Grindelwald/​Wengen;944 m;2400 m;;33 km;56 km;13 km;23 Lifte/Bahnen;SFr. 79,- / ca. € 84,-;"[{""review_raw"":"""",""review_raw-title"":""4,2 von 5 Sternen""}]"
1732267909-304;https://www.skiresort.ch/skigebiete/schweiz/?pn;Arosa Lenzerheide;1229 m;2865 m;Lenzerheide;110 km;87 km;28 km;43 Lifte/Bahnen;SFr. 89,- / ca. € 95,-;"[{""review_raw"":"""",""review_raw-title"":""4,7 von 5 Sternen""}]"
1732267909-305;https://www.skiresort.ch/skigebiete/schweiz/?pn;Aletsch Arena – Riederalp/​Bettmeralp/​Fiesch Eggishorn;1845 m;2869 m;;42 km;50 km;12 km;35 Lifte/Bahnen;SFr. 66,- / ca. € 70,-;"[{""review_raw"":"""",""review_raw-title"":""4,4 von 5 Sternen""}]"
1732267909-306;https://www.skiresort.ch/skigebiete/schweiz/?pn;First – Grindelwald;1050 m;2500 m;;30 km;11 km;8 km;10 Lifte/Bahnen;SFr. 79,- / ca. € 84,-;"[{""review_raw"":"""",""review_raw-title"":""4 von 5 Sternen""}]"
1732267909-307;https://www.skiresort.ch/skigebiete/schweiz/?pn;Pizol – Bad Ragaz/​Wangs;510 m;2227 m;;15,5 km;21,5 km;13 km;12 Lifte/Bahnen;SFr. 67,- / ca. € 72,-;"[{""review_raw"":"""",""review_raw-title"":""4 von 5 Sternen""}]"
1732267909-308;https://www.skiresort.ch/skigebiete/schweiz/?pn;Wildhaus – Gamserrugg (Toggenburg);1020 m;2076 m;;3 km;17 km;3 km;6 Lifte/Bahnen;SFr. 61,- / ca. € 65,-;"[{""review_raw"":"""",""review_raw-title"":""3,9 von 5 Sternen""}]"
1732267909-309;https://www.skiresort.ch/skigebiete/schweiz/?pn;Flumserberg;665 m;2222 m;;14 km;40 km;11 km;17 Lifte/Bahnen;SFr. 72,- / ca. € 77,-;"[{""review_raw"":"""",""review_raw-title"":""4,2 von 5 Sternen""}]"
1732267909-310;https://www.skiresort.ch/skigebiete/schweiz/?pn;Hohsaas – Saas-Grund;1559 m;3200 m;;4,4 km;19,6 km;2,1 km;8 Lifte/Bahnen;SFr. 59,- / ca. € 63,-;"[{""review_raw"":"""",""review_raw-title"":""3,8 von 5 Sternen""}]"
1732267909-311;https://www.skiresort.ch/skigebiete/schweiz/?pn;Elm im Sernftal;1020 m;2105 m;;15 km;20 km;5 km;5 Lifte/Bahnen;SFr. 53,- / ca. € 57,-;"[{""review_raw"":"""",""review_raw-title"":""3,7 von 5 Sternen""}]"
1732267909-312;https://www.skiresort.ch/skigebiete/schweiz/?pn;Bellwald;1600 m;2558 m;;10,5 km;7,8 km;1,7 km;5 Lifte/Bahnen;;"[{""review_raw"":"""",""review_raw-title"":""3,8 von 5 Sternen""}]"
1732267909-313;https://www.skiresort.ch/skigebiete/schweiz/?pn;St. Moritz – Corviglia;1772 m;3057 m;;42 km;79 km;34 km;23 Lifte/Bahnen;;"[{""review_raw"":"""",""review_raw-title"":""4,7 von 5 Sternen""}]"
1732267909-314;https://www.skiresort.ch/skigebiete/schweiz/?pn;Zermatt/​Breuil-Cervinia/​Valtournenche – Matterhorn;1562 m;3899 m;;75 km;220 km;27 km;51 Lifte/Bahnen;SFr. 103,- / ca. € 110,-;"[{""review_raw"":"""",""review_raw-title"":""4,5 von 5 Sternen""}]"
1732267909-315;https://www.skiresort.ch/skigebiete/schweiz/?pn;Laax/​Flims/​Falera;1100 m;3018 m;;97 km;76 km;51 km;30 Lifte/Bahnen;;"[{""review_raw"":"""",""review_raw-title"":""4,5 von 5 Sternen""}]"
1732267909-316;https://www.skiresort.ch/skigebiete/schweiz/?pn;Adelboden/​Lenk – Chuenisbärgli/​Silleren/​Hahnenmoos/​Metsch;1260 m;2200 m;Berner Oberland;46 km;34 km;6 km;25 Lifte/Bahnen;SFr. 60,- / ca. € 64,-;"[{""review_raw"":"""",""review_raw-title"":""4,4 von 5 Sternen""}]"
1732267909-317;https://www.skiresort.ch/skigebiete/schweiz/?pn;Andermatt/​Oberalp/​Sedrun;1444 m;2600 m;Disentis Sedrun;18 km;40 km;12 km;13 Lifte/Bahnen;SFr. 89,- / ca. € 95,-;"[{""review_raw"":"""",""review_raw-title"":""4,4 von 5 Sternen""}]"
1732267909-318;https://www.skiresort.ch/skigebiete/schweiz/?pn;4 Vallées – Verbier/​La Tzoumaz/​Nendaz/​Veysonnaz/​Thyon;1350 m;3330 m;Val de Bagnes;107 km;202 km;103 km;68 Lifte/Bahnen;SFr. 89,- / ca. € 95,-;"[{""review_raw"":"""",""review_raw-title"":""4,3 von 5 Sternen""}]"
1732267909-319;https://www.skiresort.ch/skigebiete/schweiz/?pn;Scuol – Motta Naluns;1250 m;2785 m;;27 km;32 km;11 km;12 Lifte/Bahnen;SFr. 69,- / ca. € 74,-;"[{""review_raw"":"""",""review_raw-title"":""4,3 von 5 Sternen""}]"
1732267909-320;https://www.skiresort.ch/skigebiete/schweiz/?pn;Titlis – Engelberg;1003 m;3020 m;;18 km;42,5 km;9,5 km;18 Lifte/Bahnen;;"[{""review_raw"":"""",""review_raw-title"":""4,3 von 5 Sternen""}]"
1732267909-321;https://www.skiresort.ch/skigebiete/schweiz/?pn;Les Portes du Soleil – Morzine/​Avoriaz/​Les Gets/​Châtel/​Morgins/​Champéry;985 m;2254 m;Haute-Savoie;310 km;210 km;60 km;165 Lifte/Bahnen;€ 70,-;"[{""review_raw"":"""",""review_raw-title"":""4,3 von 5 Sternen""}]"
1732267909-322;https://www.skiresort.ch/skigebiete/schweiz/?pn;Parsenn (Davos Klosters);810 m;2844 m;;17,3 km;60,5 km;17,7 km;18 Lifte/Bahnen;SFr. 84,- / ca. € 90,-;"[{""review_raw"":"""",""review_raw-title"":""4,2 von 5 Sternen""}]"
1732267909-323;https://www.skiresort.ch/skigebiete/schweiz/?pn;Obersaxen/​Mundaun/​Val Lumnezia;1201 m;2310 m;;60 km;40 km;20 km;15 Lifte/Bahnen;SFr. 65,- / ca. € 69,-;"[{""review_raw"":"""",""review_raw-title"":""4,2 von 5 Sternen""}]"
1732267909-324;https://www.skiresort.ch/skigebiete/schweiz/?pn;Jakobshorn (Davos Klosters);1535 m;2568 m;;25,5 km;13,2 km;2,5 km;13 Lifte/Bahnen;SFr. 84,- / ca. € 90,-;"[{""review_raw"":"""",""review_raw-title"":""4,2 von 5 Sternen""}]"
1732267909-325;https://www.skiresort.ch/skigebiete/schweiz/?pn;Grimentz/​Zinal;1570 m;2900 m;;26,5 km;58,6 km;29,9 km;21 Lifte/Bahnen;SFr. 72,- / ca. € 77,-;"[{""review_raw"":"""",""review_raw-title"":""4,2 von 5 Sternen""}]"
1732267909-326;https://www.skiresort.ch/skigebiete/schweiz/?pn;Belalp – Blatten;1322 m;3118 m;;15,1 km;12,1 km;11,3 km;13 Lifte/Bahnen;SFr. 71,- / ca. € 76,-;"[{""review_raw"":"""",""review_raw-title"":""4,1 von 5 Sternen""}]"
1732267909-327;https://www.skiresort.ch/skigebiete/schweiz/?pn;Corvatsch/​Furtschellas;1797 m;3303 m;;13 km;89,3 km;17,7 km;14 Lifte/Bahnen;;"[{""review_raw"":"""",""review_raw-title"":""4,1 von 5 Sternen""}]"
1732267909-328;https://www.skiresort.ch/skigebiete/schweiz/?pn;Brigels/​Waltensburg/​Andiast;1102 m;2418 m;;11 km;26 km;3 km;10 Lifte/Bahnen;SFr. 65,- / ca. € 69,-;"[{""review_raw"":"""",""review_raw-title"":""4 von 5 Sternen""}]"
1732267909-329;https://www.skiresort.ch/skigebiete/schweiz/?pn;Rinderberg/​Saanerslochgrat/​Horneggli – Zweisimmen/​Saanenmöser/​Schönried/​St. Stephan;948 m;2011 m;;64,3 km;20,6 km;4 km;15 Lifte/Bahnen;SFr. 84,- / ca. € 90,-;"[{""review_raw"":"""",""review_raw-title"":""4 von 5 Sternen""}]"
1732267909-330;https://www.skiresort.ch/skigebiete/schweiz/?pn;Saas-Fee;1800 m;3573 m;;20 km;60 km;20 km;23 Lifte/Bahnen;SFr. 82,- / ca. € 88,-;"[{""review_raw"":"""",""review_raw-title"":""4 von 5 Sternen""}]"
1732267909-331;https://www.skiresort.ch/skigebiete/schweiz/?pn;Stoos – Fronalpstock/​Klingenstock;1300 m;1935 m;;4 km;21 km;10 km;8 Lifte/Bahnen;SFr. 58,- / ca. € 62,-;"[{""review_raw"":"""",""review_raw-title"":""3,8 von 5 Sternen""}]"
1732267909-332;https://www.skiresort.ch/skigebiete/schweiz/?pn;Hoch-Ybrig – Unteriberg/​Oberiberg;1040 m;1831 m;;15 km;30 km;5 km;12 Lifte/Bahnen;SFr. 59,- / ca. € 63,-;"[{""review_raw"":"""",""review_raw-title"":""3,8 von 5 Sternen""}]"
1732267909-333;https://www.skiresort.ch/skigebiete/schweiz/?pn;Lauchernalp – Lötschental;1403 m;3100 m;;18 km;15 km;7 km;6 Lifte/Bahnen;;"[{""review_raw"":"""",""review_raw-title"":""3,8 von 5 Sternen""}]"
1732267909-334;https://www.skiresort.ch/skigebiete/schweiz/?pn;Meiringen-Hasliberg;1065 m;2433 m;Berner Oberland;20 km;34 km;6 km;13 Lifte/Bahnen;SFr. 62,- / ca. € 66,-;"[{""review_raw"":"""",""review_raw-title"":""3,8 von 5 Sternen""}]"
1732267909-335;https://www.skiresort.ch/skigebiete/schweiz/?pn;Schilthorn – Mürren/​Lauterbrunnen;796 m;2970 m;;19 km;23 km;12 km;16 Lifte/Bahnen;SFr. 79,- / ca. € 84,-;"[{""review_raw"":"""",""review_raw-title"":""3,7 von 5 Sternen""}]"
1732267909-336;https://www.skiresort.ch/skigebiete/schweiz/?pn;Madrisa (Davos Klosters);1142 m;2602 m;;6,2 km;9,2 km;7,5 km;8 Lifte/Bahnen;SFr. 70,- / ca. € 75,-;"[{""review_raw"":"""",""review_raw-title"":""3,7 von 5 Sternen""}]"
1732267909-337;https://www.skiresort.ch/skigebiete/schweiz/?pn;Crans-Montana;1510 m;2927 m;;55 km;70 km;15 km;19 Lifte/Bahnen;SFr. 89,- / ca. € 95,-;"[{""review_raw"":"""",""review_raw-title"":""3,7 von 5 Sternen""}]"
1732267909-338;https://www.skiresort.ch/skigebiete/schweiz/?pn;Disentis;1227 m;2833 m;;20 km;30 km;10 km;12 Lifte/Bahnen;SFr. 64,- / ca. € 68,-;"[{""review_raw"":"""",""review_raw-title"":""3,7 von 5 Sternen""}]"
1732267909-339;https://www.skiresort.ch/skigebiete/schweiz/?pn;Zuoz – Pizzet/​Albanas;1720 m;2465 m;;9 km;3 km;3 km;5 Lifte/Bahnen;SFr. 56,- / ca. € 60,-;"[{""review_raw"":"""",""review_raw-title"":""3,6 von 5 Sternen""}]"
1732267909-340;https://www.skiresort.ch/skigebiete/schweiz/?pn;Gemsstock – Andermatt;1444 m;2961 m;;0 km;14 km;17 km;4 Lifte/Bahnen;SFr. 89,- / ca. € 95,-;"[{""review_raw"":"""",""review_raw-title"":""3,6 von 5 Sternen""}]"
1732267909-341;https://www.skiresort.ch/skigebiete/schweiz/?pn;Grüsch Danusa;600 m;1800 m;;8 km;20 km;6 km;6 Lifte/Bahnen;SFr. 61,- / ca. € 65,-;"[{""review_raw"":"""",""review_raw-title"":""3,6 von 5 Sternen""}]"
1732267909-342;https://www.skiresort.ch/skigebiete/schweiz/?pn;Savognin;1168 m;2713 m;;32,5 km;38 km;3 km;12 Lifte/Bahnen;;"[{""review_raw"":"""",""review_raw-title"":""3,6 von 5 Sternen""}]"
1732267909-343;https://www.skiresort.ch/skigebiete/schweiz/?pn;Diavolezza/​Lagalb;2093 m;3006 m;;0 km;27 km;8 km;5 Lifte/Bahnen;;"[{""review_raw"":"""",""review_raw-title"":""3,6 von 5 Sternen""}]"
1732267909-344;https://www.skiresort.ch/skigebiete/schweiz/?pn;Villars/​Gryon/​Les Diablerets;1224 m;2120 m;;43 km;38 km;3 km;25 Lifte/Bahnen;SFr. 69,- / ca. € 74,-;"[{""review_raw"":"""",""review_raw-title"":""3,5 von 5 Sternen""}]"
1732267909-345;https://www.skiresort.ch/skigebiete/schweiz/?pn;Splügen – Tambo;1484 m;2215 m;;12 km;12 km;6 km;7 Lifte/Bahnen;SFr. 61,- / ca. € 65,-;"[{""review_raw"":"""",""review_raw-title"":""3,5 von 5 Sternen""}]"
1732267909-346;https://www.skiresort.ch/skigebiete/schweiz/?pn;Eggli/​La Videmanette – Gstaad/​Saanen/​Rougemont;992 m;2151 m;;35,2 km;17,4 km;5,4 km;9 Lifte/Bahnen;SFr. 84,- / ca. € 90,-;"[{""review_raw"":"""",""review_raw-title"":""3,5 von 5 Sternen""}]"
1732267909-347;https://www.skiresort.ch/skigebiete/schweiz/?pn;Rinerhorn (Davos Klosters);1459 m;2490 m;;15,6 km;23,1 km;12,8 km;7 Lifte/Bahnen;SFr. 66,- / ca. € 70,-;"[{""review_raw"":"""",""review_raw-title"":""3,5 von 5 Sternen""}]"
1732267909-348;https://www.skiresort.ch/skigebiete/schweiz/?pn;Grächen;1619 m;2864 m;;9 km;33 km;2 km;11 Lifte/Bahnen;SFr. 69,- / ca. € 74,-;"[{""review_raw"":"""",""review_raw-title"":""3,4 von 5 Sternen""}]"
1732267909-349;https://www.skiresort.ch/skigebiete/schweiz/?pn;Anzère;1516 m;2420 m;;12 km;37 km;9 km;13 Lifte/Bahnen;SFr. 65,- / ca. € 69,-;"[{""review_raw"":"""",""review_raw-title"":""3,4 von 5 Sternen""}]"
1732267909-350;https://www.skiresort.ch/skigebiete/schweiz/?pn;Chäserrugg – Unterwasser/​Alt St. Johann (Toggenburg);900 m;2262 m;;8 km;40 km;2 km;12 Lifte/Bahnen;SFr. 52,- / ca. € 56,-;"[{""review_raw"":"""",""review_raw-title"":""3,3 von 5 Sternen""}]"
1732267909-351;https://www.skiresort.ch/skigebiete/schweiz/?pn;Bürchen/​Törbel – Moosalp;1476 m;2532 m;;10 km;10 km;5 km;8 Lifte/Bahnen;SFr. 49,- / ca. € 52,-;"[{""review_raw"":"""",""review_raw-title"":""3,3 von 5 Sternen""}]"
