web-scraper-order,web-scraper-start-url,skiresort_name_raw,rating_raw,length_blue_ski_slope_raw,length_red_ski_slope_raw,length_black_ski_slope_raw,altitude_start_raw,altitude_end_raw,number_of_ski_lifts_raw,cost_day_pass_raw
"1731937269-1","https://www.skiresort.ch/skigebiete/schweiz/seite/3/","Basse Ruche","","1 km","0 km","0 km","1087 m","1125 m","2 Lifte/Bahnen","SFr. 20,- / ca. € 21,-"
"1731937269-2","https://www.skiresort.ch/skigebiete/schweiz/seite/3/","Reckingen-Gluringen","","1,2 km","0 km","0 km","1333 m","1445 m","2 Lifte/Bahnen","SFr. 27,- / ca. € 29,-"
"1731937269-3","https://www.skiresort.ch/skigebiete/schweiz/seite/3/","Ghöch","","0,8 km","0,2 km","0 km","1000 m","1060 m","2 Lifte/Bahnen","SFr. 22,- / ca. € 23,-"
"1731937269-4","https://www.skiresort.ch/skigebiete/schweiz/seite/3/","Wasen im Emmental","","1 km","0 km","0 km","840 m","910 m","2 Lifte/Bahnen","SFr. 22,- / ca. € 23,-"
"1731937269-5","https://www.skiresort.ch/skigebiete/schweiz/seite/3/","Selfranga – Klosters","","1,2 km","0 km","0 km","1186 m","1354 m","2 Lifte/Bahnen","SFr. 30,- / ca. € 32,-"
"1731937269-6","https://www.skiresort.ch/skigebiete/schweiz/seite/3/","Krinau","","0,4 km","0,2 km","0 km","820 m","908 m","1 Lift/Bahn",""
"1731937269-7","https://www.skiresort.ch/skigebiete/schweiz/seite/3/","Alpe di Neggia","","1 km","0 km","0 km","1395 m","1595 m","2 Lifte/Bahnen","SFr. 22,- / ca. € 23,-"
"1731937269-8","https://www.skiresort.ch/skigebiete/schweiz/seite/3/","Bündalift – Davos","","0,6 km","0 km","0 km","1556 m","1714 m","1 Lift/Bahn","SFr. 30,- / ca. € 32,-"
"1731937269-9","https://www.skiresort.ch/skigebiete/schweiz/seite/3/","Bäretswil","","1 km","0 km","0 km","725 m","835 m","3 Lifte/Bahnen","SFr. 22,- / ca. € 23,-"
"1731937269-10","https://www.skiresort.ch/skigebiete/schweiz/seite/3/","Gurnigelbad","","0,7 km","0 km","0 km","1150 m","1250 m","1 Lift/Bahn","SFr. 28,- / ca. € 30,-"
"1731937269-11","https://www.skiresort.ch/skigebiete/schweiz/seite/3/","Grenchenberg – Grenchen","","0,8 km","0 km","0 km","1240 m","1350 m","2 Lifte/Bahnen","SFr. 24,- / ca. € 25,-"
"1731937269-12","https://www.skiresort.ch/skigebiete/schweiz/seite/3/","Realp","","1 km","0 km","0 km","1550 m","1660 m","2 Lifte/Bahnen","SFr. 29,- / ca. € 31,-"
"1731937269-13","https://www.skiresort.ch/skigebiete/schweiz/seite/3/","Gähwil","","0,8 km","0 km","0 km","760 m","905 m","1 Lift/Bahn","SFr. 28,- / ca. € 30,-"
"1731937269-14","https://www.skiresort.ch/skigebiete/schweiz/seite/3/","Gadmen","","0,5 km","0 km","0 km","1205 m","1300 m","1 Lift/Bahn","SFr. 18,- / ca. € 19,-"
"1731937269-15","https://www.skiresort.ch/skigebiete/schweiz/seite/3/","Langis","","0,7 km","0 km","0 km","1450 m","1517 m","1 Lift/Bahn","SFr. 24,- / ca. € 25,-"
"1731937269-16","https://www.skiresort.ch/skigebiete/schweiz/seite/3/","Casaccia","","0,5 km","0 km","0 km","1550 m","1600 m","1 Lift/Bahn","SFr. 20,- / ca. € 21,-"
"1731937269-17","https://www.skiresort.ch/skigebiete/schweiz/seite/3/","Saas-Balen","","0,5 km","0 km","0 km","1472 m","1521 m","1 Lift/Bahn","SFr. 16,- / ca. € 17,-"
"1731937269-18","https://www.skiresort.ch/skigebiete/schweiz/seite/3/","Lantsch/​Lenz","","0,8 km","0 km","0 km","1290 m","1382 m","1 Lift/Bahn",""
"1731937269-19","https://www.skiresort.ch/skigebiete/schweiz/seite/3/","La Sagne","","0,5 km","0 km","0 km","1040 m","1140 m","1 Lift/Bahn",""
"1731937269-20","https://www.skiresort.ch/skigebiete/schweiz/seite/3/","Les Orvales – Malleray","","0,5 km","0 km","0 km","781 m","855 m","1 Lift/Bahn",""
"1731937269-21","https://www.skiresort.ch/skigebiete/schweiz/seite/3/","Kellerberg – Haldi","","0,8 km","0 km","0 km","1238 m","1393 m","1 Lift/Bahn",""
"1731937269-22","https://www.skiresort.ch/skigebiete/schweiz/seite/3/","Dzora – Lourtier","","0,6 km","0 km","0 km","1100 m","1188 m","1 Lift/Bahn",""
"1731937269-23","https://www.skiresort.ch/skigebiete/schweiz/seite/3/","Oberwangen","","0,8 km","0 km","0 km","627 m","765 m","2 Lifte/Bahnen","SFr. 22,- / ca. € 23,-"
"1731937269-24","https://www.skiresort.ch/skigebiete/schweiz/seite/3/","Les Prévondes","","0,4 km","0 km","0 km","987 m","1090 m","1 Lift/Bahn","SFr. 5,- / ca. € 5,-"
"1731937269-25","https://www.skiresort.ch/skigebiete/schweiz/seite/3/","Wilern (Binn)","","0,4 km","0 km","0 km","1427 m","1542 m","1 Lift/Bahn","SFr. 10,- / ca. € 11,-"
"1731937269-26","https://www.skiresort.ch/skigebiete/schweiz/seite/3/","Hörnli – Hemberg-Bächli","","0,4 km","0 km","0 km","890 m","970 m","1 Lift/Bahn","SFr. 25,- / ca. € 27,-"
"1731937269-27","https://www.skiresort.ch/skigebiete/schweiz/seite/3/","Hubelweid – Heiligenschwendi","","0,3 km","0 km","0 km","1102 m","1152 m","1 Lift/Bahn","SFr. 20,- / ca. € 21,-"
"1731937269-28","https://www.skiresort.ch/skigebiete/schweiz/seite/3/","Beckenhalde – St. Gallen","","0,4 km","0 km","0 km","764 m","854 m","1 Lift/Bahn","SFr. 19,- / ca. € 20,-"
"1731937269-29","https://www.skiresort.ch/skigebiete/schweiz/seite/3/","Hampy – Adelboden","","0,3 km","0 km","0 km","1289 m","1351 m","1 Lift/Bahn","SFr. 26,- / ca. € 28,-"
"1731937269-30","https://www.skiresort.ch/skigebiete/schweiz/seite/3/","Bedea – Novaggio","","0,3 km","0 km","0 km","625 m","690 m","1 Lift/Bahn","SFr. 15,- / ca. € 16,-"
"1731937269-31","https://www.skiresort.ch/skigebiete/schweiz/seite/3/","Telli – Morschach","","0,3 km","0 km","0 km","640 m","676 m","2 Lifte/Bahnen","SFr. 14,- / ca. € 15,-"
"1731937269-32","https://www.skiresort.ch/skigebiete/schweiz/seite/3/","Langmattli – Hergiswil","","0,4 km","0 km","0 km","838 m","946 m","1 Lift/Bahn","SFr. 12,- / ca. € 13,-"
"1731937269-33","https://www.skiresort.ch/skigebiete/schweiz/seite/3/","Schnabelsberg – Bennau (Einsiedeln)","","0,3 km","0 km","0 km","950 m","1020 m","1 Lift/Bahn","SFr. 17,- / ca. € 18,-"
"1731937269-34","https://www.skiresort.ch/skigebiete/schweiz/seite/3/","Oberhelfenschwil","","0,4 km","0 km","0 km","798 m","866 m","1 Lift/Bahn","SFr. 22,- / ca. € 23,-"
"1731937269-35","https://www.skiresort.ch/skigebiete/schweiz/seite/3/","Sternenberg – Schatzböl","","0,3 km","0 km","0 km","838 m","884 m","1 Lift/Bahn","SFr. 10,- / ca. € 11,-"
"1731937269-36","https://www.skiresort.ch/skigebiete/schweiz/seite/3/","Regensberg-Erlenhof – Im Buck","","0,3 km","0 km","0 km","605 m","648 m","1 Lift/Bahn",""
"1731937269-37","https://www.skiresort.ch/skigebiete/schweiz/seite/3/","Ausserschwand","","0,2 km","0 km","0 km","1341 m","1392 m","1 Lift/Bahn",""
"1731937269-38","https://www.skiresort.ch/skigebiete/schweiz/seite/3/","Mittlerwengi – Kaltbrunn","","0 km","0,4 km","0 km","1153 m","1253 m","1 Lift/Bahn",""
"1731937269-39","https://www.skiresort.ch/skigebiete/schweiz/seite/3/","Haut-de-Caux","","0,1 km","0 km","0 km","1156 m","1166 m","1 Lift/Bahn",""
"1731937269-40","https://www.skiresort.ch/skigebiete/schweiz/seite/3/","Sous-le-Mont – Tavannes","","0,3 km","0 km","0 km","855 m","921 m","1 Lift/Bahn",""
"1731937269-41","https://www.skiresort.ch/skigebiete/schweiz/seite/3/","La Trélasse","","0,5 km","0 km","0 km","1100 m","1150 m","2 Lifte/Bahnen",""
"1731937269-42","https://www.skiresort.ch/skigebiete/schweiz/seite/3/","Bildhaus – Gommiswald am Ricken","","0,5 km","0 km","0 km","800 m","860 m","2 Lifte/Bahnen","SFr. 25,- / ca. € 27,-"
"1731937269-43","https://www.skiresort.ch/skigebiete/schweiz/seite/3/","Cioss Prato – Bedretto","","0,4 km","0 km","0 km","1550 m","1610 m","2 Lifte/Bahnen","SFr. 17,- / ca. € 18,-"
"1731937269-44","https://www.skiresort.ch/skigebiete/schweiz/seite/3/","Les Loges – La Vue des Alpes","","1 km","0 km","0 km","1235 m","1260 m","2 Lifte/Bahnen",""
"1731937269-45","https://www.skiresort.ch/skigebiete/schweiz/seite/3/","Staffelalp – Zeglingen","","0,1 km","0,3 km","0,1 km","726 m","782 m","1 Lift/Bahn",""
"1731937269-46","https://www.skiresort.ch/skigebiete/schweiz/seite/3/","Bernina Heliski","","","","","2000 m","3300 m","Heliskiing",""
"1731937269-47","https://www.skiresort.ch/skigebiete/schweiz/seite/3/","Bügls – S-chanf","","0,5 km","0 km","0 km","1670 m","1700 m","1 Lift/Bahn","SFr. 10,- / ca. € 11,-"
"1731937269-48","https://www.skiresort.ch/skigebiete/schweiz/seite/3/","La Brévine","","0,8 km","0 km","0 km","1048 m","1100 m","1 Lift/Bahn","SFr. 3,- / ca. € 3,-"
"1731937269-49","https://www.skiresort.ch/skigebiete/schweiz/seite/3/","Raten – Oberägeri","","0,8 km","0 km","0 km","1077 m","1119 m","2 Lifte/Bahnen","SFr. 14,- / ca. € 15,-"
"1731937269-50","https://www.skiresort.ch/skigebiete/schweiz/seite/3/","Trachselwald","","0,5 km","0 km","0 km","685 m","715 m","1 Lift/Bahn","SFr. 10,- / ca. € 11,-"
"1731937269-51","https://www.skiresort.ch/skigebiete/schweiz/seite/3/","Guttannen","","0,5 km","0 km","0 km","1057 m","1150 m","1 Lift/Bahn",""
"1731937269-52","https://www.skiresort.ch/skigebiete/schweiz/seite/3/","Täsch","","0,5 km","0 km","0 km","1450 m","1500 m","1 Lift/Bahn",""
"1731937269-53","https://www.skiresort.ch/skigebiete/schweiz/seite/3/","Rüegsau","","0,5 km","0 km","0 km","590 m","650 m","1 Lift/Bahn",""
"1731937269-54","https://www.skiresort.ch/skigebiete/schweiz/seite/3/","Dietikon","","0,2 km","0 km","0 km","460 m","490 m","1 Lift/Bahn","SFr. 8,- / ca. € 8,-"
"1731937269-55","https://www.skiresort.ch/skigebiete/schweiz/seite/3/","Norro-Lift – Adelboden","","0,2 km","0 km","0 km","1305 m","1332 m","1 Lift/Bahn","SFr. 15,- / ca. € 16,-"
"1731937269-56","https://www.skiresort.ch/skigebiete/schweiz/seite/3/","Egg – Hallau","","0,2 km","0 km","0 km","520 m","560 m","1 Lift/Bahn","SFr. 10,- / ca. € 11,-"
"1731937269-57","https://www.skiresort.ch/skigebiete/schweiz/seite/3/","Wildberg – Schafbüel","","0,2 km","0 km","0 km","685 m","710 m","1 Lift/Bahn","SFr. 15,- / ca. € 16,-"
"1731937269-58","https://www.skiresort.ch/skigebiete/schweiz/seite/3/","Asp (Densbüren)","","0,3 km","0 km","0 km","575 m","650 m","1 Lift/Bahn","SFr. 10,- / ca. € 11,-"
"1731937269-59","https://www.skiresort.ch/skigebiete/schweiz/seite/3/","Randa","","0,2 km","0 km","0 km","1421 m","1435 m","1 Lift/Bahn","SFr. 8,- / ca. € 8,-"
"1731937269-60","https://www.skiresort.ch/skigebiete/schweiz/seite/3/","Mugi – Netstal","","0,4 km","0 km","0 km","460 m","550 m","2 Lifte/Bahnen","SFr. 10,- / ca. € 11,-"
"1731937269-61","https://www.skiresort.ch/skigebiete/schweiz/seite/3/","Stich – Opfertshofen","","0,3 km","0 km","0 km","600 m","665 m","1 Lift/Bahn","SFr. 10,- / ca. € 11,-"
"1731937269-62","https://www.skiresort.ch/skigebiete/schweiz/seite/3/","Goldiwil – Multenegg (Heiligenschwendi)","","0,2 km","0 km","0 km","1100 m","1120 m","1 Lift/Bahn","SFr. 5,- / ca. € 5,-"
"1731937269-63","https://www.skiresort.ch/skigebiete/schweiz/seite/3/","Mottalift – Serneus","","0,4 km","0 km","0 km","999 m","1014 m","1 Lift/Bahn","SFr. 15,- / ca. € 16,-"
"1731937269-64","https://www.skiresort.ch/skigebiete/schweiz/seite/3/","Horben – Lindenberg","","0,2 km","0 km","0 km","765 m","805 m","1 Lift/Bahn","SFr. 15,- / ca. € 16,-"
"1731937269-65","https://www.skiresort.ch/skigebiete/schweiz/seite/3/","Lommiswil – Bitzirain","","0,2 km","0 km","0 km","620 m","680 m","1 Lift/Bahn","SFr. 16,- / ca. € 17,-"
"1731937269-66","https://www.skiresort.ch/skigebiete/schweiz/seite/3/","Bottenwil – Piz Graben","","0,3 km","0 km","0 km","600 m","630 m","1 Lift/Bahn","SFr. 10,- / ca. € 11,-"
"1731937269-67","https://www.skiresort.ch/skigebiete/schweiz/seite/3/","Sitzberg – Fischingen","","0 km","0,2 km","0 km","770 m","800 m","1 Lift/Bahn","SFr. 7,50 / ca. € 8,-"
"1731937269-68","https://www.skiresort.ch/skigebiete/schweiz/seite/3/","Nollen – Hosenruck (Wuppenau)","","0,3 km","0 km","0 km","687 m","725 m","1 Lift/Bahn","SFr. 15,- / ca. € 16,-"
"1731937269-69","https://www.skiresort.ch/skigebiete/schweiz/seite/3/","Lucky – Aeschi","","0,2 km","0 km","0 km","860 m","890 m","1 Lift/Bahn","SFr. 15,- / ca. € 16,-"
"1731937269-70","https://www.skiresort.ch/skigebiete/schweiz/seite/3/","Blatten – Speicher","","0,3 km","0 km","0 km","900 m","935 m","1 Lift/Bahn","SFr. 12,- / ca. € 13,-"
"1731937269-71","https://www.skiresort.ch/skigebiete/schweiz/seite/3/","Schlösslihang – St. Gallen","","0,3 km","0 km","0 km","660 m","690 m","1 Lift/Bahn","SFr. 16,- / ca. € 17,-"
"1731937269-72","https://www.skiresort.ch/skigebiete/schweiz/seite/3/","Saxeten – Pintli","","0,2 km","0 km","0 km","1162 m","1189 m","1 Lift/Bahn","SFr. 8,- / ca. € 8,-"
"1731937269-73","https://www.skiresort.ch/skigebiete/schweiz/seite/3/","Oberwald","","0,2 km","0 km","0 km","1373 m","1404 m","1 Lift/Bahn","SFr. 7,- / ca. € 7,-"
"1731937269-74","https://www.skiresort.ch/skigebiete/schweiz/seite/3/","LiFu – Furom","","0,3 km","0 km","0 km","1611 m","1640 m","1 Lift/Bahn","SFr. 10,- / ca. € 11,-"
"1731937269-75","https://www.skiresort.ch/skigebiete/schweiz/seite/3/","Rossa","","0,4 km","0 km","0 km","1100 m","1150 m","2 Lifte/Bahnen","SFr. 15,- / ca. € 16,-"
"1731937269-76","https://www.skiresort.ch/skigebiete/schweiz/seite/3/","Les Haudères – L'Homazo","","0,1 km","0 km","0 km","1450 m","1455 m","1 Lift/Bahn","SFr. 5,- / ca. € 5,-"
"1731937269-77","https://www.skiresort.ch/skigebiete/schweiz/seite/3/","Le Chaluet – Court","","0,2 km","0 km","0 km","700 m","740 m","1 Lift/Bahn",""
"1731937269-78","https://www.skiresort.ch/skigebiete/schweiz/seite/3/","Gsahl – Hauenstein-Ifenthal","","0,4 km","0 km","0 km","760 m","800 m","2 Lifte/Bahnen",""
"1731937269-79","https://www.skiresort.ch/skigebiete/schweiz/seite/3/","Guarda","","0,2 km","0 km","0 km","1650 m","1670 m","1 Lift/Bahn",""
"1731937269-80","https://www.skiresort.ch/skigebiete/schweiz/seite/3/","Mammern-Klingenzell","","0,2 km","0 km","0 km","570 m","600 m","1 Lift/Bahn",""
"1731937269-81","https://www.skiresort.ch/skigebiete/schweiz/seite/3/","Schermtanne – Stiegelschwand","","0,2 km","0 km","0 km","1481 m","1509 m","1 Lift/Bahn",""
"1731937269-82","https://www.skiresort.ch/skigebiete/schweiz/seite/3/","Tarasp","","0,3 km","0 km","0 km","1410 m","1450 m","1 Lift/Bahn",""
"1731937269-83","https://www.skiresort.ch/skigebiete/schweiz/seite/3/","Dalpe","","0,2 km","0 km","0 km","1200 m","1250 m","1 Lift/Bahn",""
"1731937269-84","https://www.skiresort.ch/skigebiete/schweiz/seite/3/","Wiesen – Gruob","","0,1 km","0 km","0 km","1400 m","1410 m","1 Lift/Bahn",""
"1731937269-85","https://www.skiresort.ch/skigebiete/schweiz/seite/3/","Rotberg – Villigen","","0,2 km","0 km","0 km","560 m","600 m","1 Lift/Bahn",""
"1731937269-86","https://www.skiresort.ch/skigebiete/schweiz/seite/3/","Nunningen","","0,2 km","0 km","0 km","660 m","700 m","1 Lift/Bahn",""
"1731937269-87","https://www.skiresort.ch/skigebiete/schweiz/seite/3/","Les Paccots/​Granges – Mont-Chesau","","0,4 km","0 km","0 km","800 m","900 m","1 Lift/Bahn",""
"1731937269-88","https://www.skiresort.ch/skigebiete/schweiz/seite/3/","Pian San Giacomo  (vorübergehend außer Betrieb)","","0,2 km","(vorübergehend außer Betrieb)","0 km","1180 m","1200 m","1 Lift/Bahn",""
"1731937269-89","https://www.skiresort.ch/skigebiete/schweiz/seite/3/","Bonderlen","","0,2 km","0 km","0 km","1354 m","1364 m","1 Lift/Bahn",""
"1731937269-90","https://www.skiresort.ch/skigebiete/schweiz/seite/3/","Saalhöhe","","0,3 km","0 km","0 km","720 m","775 m","1 Lift/Bahn",""
"1731937269-91","https://www.skiresort.ch/skigebiete/schweiz/seite/3/","Trient","","0,1 km","0 km","0 km","1320 m","1350 m","1 Lift/Bahn",""
"1731937269-92","https://www.skiresort.ch/skigebiete/schweiz/seite/3/","Dicki – Weisslingen","","0,2 km","0 km","0 km","590 m","620 m","1 Lift/Bahn",""
"1731937269-93","https://www.skiresort.ch/skigebiete/schweiz/seite/3/","Weisstannen","","0,2 km","0 km","0 km","984 m","1022 m","1 Lift/Bahn",""
"1731937269-94","https://www.skiresort.ch/skigebiete/schweiz/seite/3/","Urnerboden","","0,3 km","0 km","0 km","1360 m","1420 m","1 Lift/Bahn",""
"1731937269-95","https://www.skiresort.ch/skigebiete/schweiz/seite/3/","Lukaslift – Grabs","","0,2 km","0 km","0 km","469 m","482 m","1 Lift/Bahn",""
"1731937269-96","https://www.skiresort.ch/skigebiete/schweiz/seite/3/","Ardez","","0,3 km","0 km","0 km","1476 m","1526 m","1 Lift/Bahn",""
"1731937269-97","https://www.skiresort.ch/skigebiete/schweiz/seite/3/","Orgevaux/​Les Avants","","0,2 km","0 km","0 km","1304 m","1348 m","1 Lift/Bahn",""
"1731937269-98","https://www.skiresort.ch/skigebiete/schweiz/seite/3/","Brot-Plamboz","","0,4 km","0 km","0 km","1050 m","1100 m","1 Lift/Bahn",""
"1731937269-99","https://www.skiresort.ch/skigebiete/schweiz/seite/3/","Walenstadtberg","","0,3 km","0 km","0 km","850 m","930 m","1 Lift/Bahn",""
"1731937269-100","https://www.skiresort.ch/skigebiete/schweiz/seite/3/","Riffenmatt Winterpark","","0,3 km","0 km","0 km","1080 m","1140 m","1 Lift/Bahn",""
"1731937269-101","https://www.skiresort.ch/skigebiete/schweiz/seite/3/","Loco Ski Academy – Saillon (Trockenskigebiet)","","0,1 km","0 km","0 km","468 m","471 m","",""
"1731937279-102","https://www.skiresort.ch/skigebiete/schweiz/seite/2/","Saint Luc/​Chandolin (Anniviers)","","20 km","30 km","10 km","1680 m","2980 m","15 Lifte/Bahnen","SFr. 65,- / ca. € 69,-"
"1731937279-103","https://www.skiresort.ch/skigebiete/schweiz/seite/2/","Leysin","","43 km","15 km","2 km","1250 m","2198 m","12 Lifte/Bahnen","SFr. 65,- / ca. € 69,-"
"1731937279-104","https://www.skiresort.ch/skigebiete/schweiz/seite/2/","Betelberg – Lenk","","21,7 km","19,4 km","0,9 km","1083 m","2001 m","11 Lifte/Bahnen","SFr. 62,- / ca. € 66,-"
"1731937279-105","https://www.skiresort.ch/skigebiete/schweiz/seite/2/","Melchsee-Frutt (Kerns)","","20 km","6 km","10 km","1080 m","2255 m","15 Lifte/Bahnen","SFr. 59,- / ca. € 63,-"
"1731937279-106","https://www.skiresort.ch/skigebiete/schweiz/seite/2/","Charmey","","19,5 km","7,5 km","3 km","875 m","1626 m","5 Lifte/Bahnen","SFr. 44,- / ca. € 47,-"
"1731937279-107","https://www.skiresort.ch/skigebiete/schweiz/seite/2/","Vercorin","","13 km","19 km","3 km","1340 m","2374 m","10 Lifte/Bahnen","SFr. 59,- / ca. € 63,-"
"1731937279-108","https://www.skiresort.ch/skigebiete/schweiz/seite/2/","Vals – Dachberg","","5 km","15 km","5 km","1286 m","2851 m","6 Lifte/Bahnen","SFr. 39,- / ca. € 41,-"
"1731937279-109","https://www.skiresort.ch/skigebiete/schweiz/seite/2/","Sörenberg – Rothorn/​Dorf","","24 km","10 km","8 km","1110 m","2298 m","14 Lifte/Bahnen","SFr. 58,- / ca. € 61,-"
"1731937279-110","https://www.skiresort.ch/skigebiete/schweiz/seite/2/","Mythenregion","","18 km","31 km","1 km","1070 m","1593 m","17 Lifte/Bahnen","SFr. 49,- / ca. € 52,-"
"1731937279-111","https://www.skiresort.ch/skigebiete/schweiz/seite/2/","Ovronnaz","","5 km","20 km","5 km","1400 m","2427 m","7 Lifte/Bahnen","SFr. 61,- / ca. € 65,-"
"1731937279-112","https://www.skiresort.ch/skigebiete/schweiz/seite/2/","Nara – Leontica","","10 km","15 km","5 km","925 m","2123 m","7 Lifte/Bahnen","SFr. 42,- / ca. € 45,-"
"1731937279-113","https://www.skiresort.ch/skigebiete/schweiz/seite/2/","Glacier 3000 – Les Diablerets","","14,5 km","5,5 km","11 km","1343 m","3016 m","11 Lifte/Bahnen","SFr. 79,- / ca. € 84,-"
"1731937279-114","https://www.skiresort.ch/skigebiete/schweiz/seite/2/","La Berra – La Roche","","5 km","20 km","0 km","1040 m","1636 m","6 Lifte/Bahnen","SFr. 41,- / ca. € 43,-"
"1731937279-115","https://www.skiresort.ch/skigebiete/schweiz/seite/2/","Leukerbad","","3,5 km","27 km","17 km","1411 m","2610 m","13 Lifte/Bahnen","SFr. 65,- / ca. € 69,-"
"1731937279-116","https://www.skiresort.ch/skigebiete/schweiz/seite/2/","Bosco Gurin – Grossalp","","1 km","25 km","4 km","1482 m","2331 m","7 Lifte/Bahnen","SFr. 55,- / ca. € 58,-"
"1731937279-117","https://www.skiresort.ch/skigebiete/schweiz/seite/2/","Klewenalp/​Stockhütte – Beckenried/​Emmetten","","15 km","25 km","0 km","1199 m","1938 m","15 Lifte/Bahnen","SFr. 58,- / ca. € 61,-"
"1731937279-118","https://www.skiresort.ch/skigebiete/schweiz/seite/2/","Tschiertschen","","15 km","14 km","3 km","1350 m","2381 m","4 Lifte/Bahnen","SFr. 61,- / ca. € 65,-"
"1731937279-119","https://www.skiresort.ch/skigebiete/schweiz/seite/2/","Carì","","8 km","8 km","4 km","1650 m","2280 m","4 Lifte/Bahnen","SFr. 45,- / ca. € 48,-"
"1731937279-120","https://www.skiresort.ch/skigebiete/schweiz/seite/2/","Les Marécottes (Salvan)","","2,7 km","5 km","1,3 km","1110 m","2220 m","4 Lifte/Bahnen","SFr. 49,- / ca. € 52,-"
"1731937279-121","https://www.skiresort.ch/skigebiete/schweiz/seite/2/","Wasserngrat – Gstaad","","3,5 km","3,6 km","2,2 km","1275 m","1940 m","1 Lift/Bahn","SFr. 84,- / ca. € 89,-"
"1731937279-122","https://www.skiresort.ch/skigebiete/schweiz/seite/2/","San Bernardino","","17 km","20 km","3 km","1642 m","2515 m","11 Lifte/Bahnen","SFr. 45,- / ca. € 48,-"
"1731937279-123","https://www.skiresort.ch/skigebiete/schweiz/seite/2/","Evolène","","15,5 km","10,6 km","15,9 km","1404 m","2632 m","5 Lifte/Bahnen","SFr. 48,- / ca. € 51,-"
"1731937279-124","https://www.skiresort.ch/skigebiete/schweiz/seite/2/","Braunwald","","8,5 km","18 km","2 km","1236 m","1901 m","10 Lifte/Bahnen","SFr. 54,- / ca. € 57,-"
"1731937279-125","https://www.skiresort.ch/skigebiete/schweiz/seite/2/","Pesciüm – Airolo","","1 km","15 km","14 km","1175 m","2250 m","8 Lifte/Bahnen",""
"1731937279-126","https://www.skiresort.ch/skigebiete/schweiz/seite/2/","Nax – Mont-Noble","","15 km","20 km","0 km","1495 m","2640 m","6 Lifte/Bahnen","SFr. 53,- / ca. € 56,-"
"1731937279-127","https://www.skiresort.ch/skigebiete/schweiz/seite/2/","Kaiseregg/​Riggisalp – Schwarzsee","","10,5 km","6,5 km","3 km","1047 m","1751 m","6 Lifte/Bahnen","SFr. 46,- / ca. € 49,-"
"1731937279-128","https://www.skiresort.ch/skigebiete/schweiz/seite/2/","Moléson","","19 km","4 km","7 km","1109 m","1978 m","6 Lifte/Bahnen","SFr. 42,- / ca. € 45,-"
"1731937279-129","https://www.skiresort.ch/skigebiete/schweiz/seite/2/","La Braye – Château d'Oex  (vorübergehend außer Betrieb)","","10,5 km","(vorübergehend außer Betrieb)","8 km","1215 m","1630 m","7 Lifte/Bahnen",""
"1731937279-130","https://www.skiresort.ch/skigebiete/schweiz/seite/2/","Jaun","","9 km","9 km","2 km","1023 m","1571 m","4 Lifte/Bahnen","SFr. 44,- / ca. € 47,-"
"1731937279-131","https://www.skiresort.ch/skigebiete/schweiz/seite/2/","Brambrüesch/​Dreibündenstein – Chur","","8 km","8 km","4 km","1170 m","2174 m","5 Lifte/Bahnen","SFr. 45,- / ca. € 48,-"
"1731937279-132","https://www.skiresort.ch/skigebiete/schweiz/seite/2/","Giw – Visperterminen","","3,5 km","12,5 km","4,5 km","1381 m","2309 m","5 Lifte/Bahnen","SFr. 49,- / ca. € 52,-"
"1731937279-133","https://www.skiresort.ch/skigebiete/schweiz/seite/2/","La Dôle/​Les Tuffes (Jura sur Léman)","","17,5 km","8,7 km","2,4 km","1160 m","1678 m","21 Lifte/Bahnen","€ 40,-"
"1731937279-134","https://www.skiresort.ch/skigebiete/schweiz/seite/2/","Oeschinensee – Kandersteg","","4,1 km","8,9 km","0 km","1200 m","1730 m","6 Lifte/Bahnen","SFr. 46,- / ca. € 49,-"
"1731937279-135","https://www.skiresort.ch/skigebiete/schweiz/seite/2/","Arolla","","20 km","18 km","9 km","1984 m","2877 m","5 Lifte/Bahnen","SFr. 48,- / ca. € 51,-"
"1731937279-136","https://www.skiresort.ch/skigebiete/schweiz/seite/2/","Darlux – Bergün","","4 km","15 km","1 km","1384 m","2569 m","3 Lifte/Bahnen","SFr. 45,- / ca. € 48,-"
"1731937279-137","https://www.skiresort.ch/skigebiete/schweiz/seite/2/","Wispile – Gstaad","","3,6 km","3,7 km","1,6 km","1043 m","1939 m","5 Lifte/Bahnen","SFr. 84,- / ca. € 89,-"
"1731937279-138","https://www.skiresort.ch/skigebiete/schweiz/seite/2/","Unterbäch – Brandalp/​Ginals","","10 km","6 km","3 km","1230 m","2443 m","7 Lifte/Bahnen","SFr. 49,- / ca. € 52,-"
"1731937279-139","https://www.skiresort.ch/skigebiete/schweiz/seite/2/","Elsigen-Metsch – Frutigen","","10 km","17 km","3 km","1334 m","2289 m","11 Lifte/Bahnen",""
"1731937279-140","https://www.skiresort.ch/skigebiete/schweiz/seite/2/","La Robella – Buttes (Val-de-Travers)","","10 km","5 km","5 km","780 m","1446 m","4 Lifte/Bahnen","SFr. 29,- / ca. € 31,-"
"1731937279-141","https://www.skiresort.ch/skigebiete/schweiz/seite/2/","TschentenAlp – Adelboden","","1,5 km","7 km","1,5 km","1367 m","1950 m","4 Lifte/Bahnen",""
"1731937279-142","https://www.skiresort.ch/skigebiete/schweiz/seite/2/","Marbach – Marbachegg","","5 km","2,4 km","0 km","885 m","1474 m","5 Lifte/Bahnen","SFr. 41,- / ca. € 43,-"
"1731937279-143","https://www.skiresort.ch/skigebiete/schweiz/seite/2/","Sarn (Heinzenberg)","","8 km","10 km","2 km","1300 m","2075 m","4 Lifte/Bahnen","SFr. 36,- / ca. € 38,-"
"1731937279-144","https://www.skiresort.ch/skigebiete/schweiz/seite/2/","Wiriehorn","","9,5 km","5 km","3 km","984 m","1868 m","7 Lifte/Bahnen","SFr. 49,- / ca. € 52,-"
"1731937279-145","https://www.skiresort.ch/skigebiete/schweiz/seite/2/","Les Mosses/​La Lécherette","","10 km","30 km","0 km","1379 m","1874 m","14 Lifte/Bahnen","SFr. 65,- / ca. € 69,-"
"1731937279-146","https://www.skiresort.ch/skigebiete/schweiz/seite/2/","Hochwang – Goldgruben","","9 km","9 km","2 km","1544 m","2299 m","3 Lifte/Bahnen","SFr. 55,- / ca. € 58,-"
"1731937279-147","https://www.skiresort.ch/skigebiete/schweiz/seite/2/","Rosswald – Brig","","3 km","2 km","4 km","1820 m","2536 m","6 Lifte/Bahnen","SFr. 41,- / ca. € 43,-"
"1731937279-148","https://www.skiresort.ch/skigebiete/schweiz/seite/2/","Bivio","","13 km","13 km","4 km","1769 m","2560 m","4 Lifte/Bahnen","SFr. 46,- / ca. € 49,-"
"1731937279-149","https://www.skiresort.ch/skigebiete/schweiz/seite/2/","La Fouly","","6 km","4 km","5 km","1607 m","2172 m","4 Lifte/Bahnen","SFr. 43,- / ca. € 46,-"
"1731937279-150","https://www.skiresort.ch/skigebiete/schweiz/seite/2/","Bugnenets-Savagnières – Saint-Imier","","10 km","10 km","10 km","1078 m","1449 m","8 Lifte/Bahnen","SFr. 40,- / ca. € 42,-"
"1731937279-151","https://www.skiresort.ch/skigebiete/schweiz/seite/2/","Champex-Lac (Orsières)","","10,5 km","3 km","1,5 km","1468 m","2194 m","4 Lifte/Bahnen","SFr. 43,- / ca. € 46,-"
"1731937279-152","https://www.skiresort.ch/skigebiete/schweiz/seite/2/","Eischoll","","10 km","4,5 km","0,5 km","1260 m","2200 m","4 Lifte/Bahnen","SFr. 49,- / ca. € 52,-"
"1731937279-153","https://www.skiresort.ch/skigebiete/schweiz/seite/2/","Sattel – Hochstuckli","","2 km","1 km","0 km","800 m","1491 m","6 Lifte/Bahnen","SFr. 35,- / ca. € 37,-"
"1731937279-154","https://www.skiresort.ch/skigebiete/schweiz/seite/2/","Amden – Arvenbüel/​Mattstock","","5,5 km","11,5 km","0 km","931 m","1684 m","6 Lifte/Bahnen","SFr. 38,- / ca. € 40,-"
"1731937279-155","https://www.skiresort.ch/skigebiete/schweiz/seite/2/","Heidbodme – Saas-Almagell","","6,9 km","8,5 km","0 km","1684 m","2347 m","7 Lifte/Bahnen","SFr. 79,- / ca. € 84,-"
"1731937279-156","https://www.skiresort.ch/skigebiete/schweiz/seite/2/","Vichères (Liddes)","","7 km","5 km","3 km","1595 m","2267 m","4 Lifte/Bahnen","SFr. 43,- / ca. € 46,-"
"1731937279-157","https://www.skiresort.ch/skigebiete/schweiz/seite/2/","Rothwald/​Wasenalp (Simplon)","","5 km","15 km","5 km","1750 m","2270 m","3 Lifte/Bahnen","SFr. 44,- / ca. € 47,-"
"1731937279-158","https://www.skiresort.ch/skigebiete/schweiz/seite/2/","Engstligenalp – Adelboden","","7 km","6 km","4 km","1971 m","2353 m","8 Lifte/Bahnen",""
"1731937279-159","https://www.skiresort.ch/skigebiete/schweiz/seite/2/","Minschuns – Val Müstair-Tschierv","","17 km","5 km","3 km","2126 m","2662 m","4 Lifte/Bahnen","SFr. 42,- / ca. € 45,-"
"1731937279-160","https://www.skiresort.ch/skigebiete/schweiz/seite/2/","Feldis","","0,3 km","7,5 km","2,5 km","1480 m","1996 m","4 Lifte/Bahnen","SFr. 39,- / ca. € 41,-"
"1731937279-161","https://www.skiresort.ch/skigebiete/schweiz/seite/2/","Axalp ob Brienz","","11 km","1,5 km","2,5 km","1422 m","1959 m","6 Lifte/Bahnen","SFr. 51,- / ca. € 54,-"
"1731937279-162","https://www.skiresort.ch/skigebiete/schweiz/seite/2/","Tschappina/​Urmein (Heinzenberg)","","4 km","21 km","0 km","1580 m","2180 m","7 Lifte/Bahnen","SFr. 36,- / ca. € 38,-"
"1731937279-163","https://www.skiresort.ch/skigebiete/schweiz/seite/2/","Wolzenalp – Krummenau","","0,2 km","9 km","3 km","728 m","1464 m","6 Lifte/Bahnen","SFr. 38,- / ca. € 40,-"
"1731937279-164","https://www.skiresort.ch/skigebiete/schweiz/seite/2/","Brunni – Engelberg","","3,7 km","2,9 km","1,9 km","1013 m","2075 m","10 Lifte/Bahnen","SFr. 46,- / ca. € 49,-"
"1731937279-165","https://www.skiresort.ch/skigebiete/schweiz/seite/2/","Pischa (Davos Klosters)","","","","","1800 m","2483 m","1 Lift/Bahn",""
"1731937279-166","https://www.skiresort.ch/skigebiete/schweiz/seite/2/","Grimmialp","","3 km","1,4 km","2,8 km","1233 m","1833 m","3 Lifte/Bahnen","SFr. 42,- / ca. € 45,-"
"1731937279-167","https://www.skiresort.ch/skigebiete/schweiz/seite/2/","Schwanden – Sigriswil","","11 km","6 km","3 km","1070 m","1460 m","3 Lifte/Bahnen","SFr. 32,- / ca. € 34,-"
"1731937279-168","https://www.skiresort.ch/skigebiete/schweiz/seite/2/","Ebenalp-Horn – Wasserauen/​Schwende","","1 km","7,5 km","1,5 km","848 m","1720 m","7 Lifte/Bahnen","SFr. 38,- / ca. € 40,-"
"1731937279-169","https://www.skiresort.ch/skigebiete/schweiz/seite/2/","Kiental","","2 km","5 km","0 km","926 m","1490 m","3 Lifte/Bahnen","SFr. 20,- / ca. € 21,-"
"1731937279-170","https://www.skiresort.ch/skigebiete/schweiz/seite/2/","Les Rasses – Sainte-Croix","","10 km","10 km","0 km","1142 m","1565 m","9 Lifte/Bahnen","SFr. 35,- / ca. € 37,-"
"1731937279-171","https://www.skiresort.ch/skigebiete/schweiz/seite/2/","Jeizinen Feselalp – Gampel/​Steg","","6 km","2 km","0 km","1519 m","2193 m","6 Lifte/Bahnen","SFr. 46,- / ca. € 49,-"
"1731937279-172","https://www.skiresort.ch/skigebiete/schweiz/seite/2/","Schatzalp – Strela","","6,1 km","1,7 km","0 km","1609 m","2352 m","4 Lifte/Bahnen","SFr. 43,- / ca. € 46,-"
"1731937279-173","https://www.skiresort.ch/skigebiete/schweiz/seite/2/","Biel-Kinzig – Bürglen","","2,5 km","4,5 km","0 km","1630 m","1930 m","5 Lifte/Bahnen","SFr. 40,- / ca. € 42,-"
"1731937279-174","https://www.skiresort.ch/skigebiete/schweiz/seite/2/","Rüschegg-Eywald – Lischboden","","8 km","4 km","1 km","1050 m","1550 m","2 Lifte/Bahnen","SFr. 38,- / ca. € 40,-"
"1731937279-175","https://www.skiresort.ch/skigebiete/schweiz/seite/2/","Espace Super Saint-Bernard – Bourg-St-Pierre  (vorübergehend außer Betrieb)","","3 km","(vorübergehend außer Betrieb)","12 km","1950 m","2800 m","3 Lifte/Bahnen","SFr. 38,- / ca. € 40,-"
"1731937279-176","https://www.skiresort.ch/skigebiete/schweiz/seite/2/","Niederhorn – Beatenberg","","2 km","3 km","0 km","1127 m","1945 m","3 Lifte/Bahnen","SFr. 42,- / ca. € 45,-"
"1731937279-177","https://www.skiresort.ch/skigebiete/schweiz/seite/2/","Mörlialp – Giswil","","2,8 km","7,2 km","2 km","1355 m","1837 m","8 Lifte/Bahnen","SFr. 45,- / ca. € 48,-"
"1731937279-178","https://www.skiresort.ch/skigebiete/schweiz/seite/2/","Eggberge – Altdorf","","4 km","4 km","0 km","1460 m","1740 m","2 Lifte/Bahnen","SFr. 32,- / ca. € 34,-"
"1731937279-179","https://www.skiresort.ch/skigebiete/schweiz/seite/2/","Languard – Pontresina","","1 km","0 km","0 km","1830 m","1920 m","5 Lifte/Bahnen","SFr. 35,- / ca. € 37,-"
"1731937279-180","https://www.skiresort.ch/skigebiete/schweiz/seite/2/","Schwefelberg – Badmatte/​Louigrat  (vorübergehend außer Betrieb)","","5 km","(vorübergehend außer Betrieb)","2 km","1386 m","1704 m","1 Lift/Bahn","SFr. 28,- / ca. € 30,-"
"1731937279-181","https://www.skiresort.ch/skigebiete/schweiz/seite/2/","Tramelan","","6 km","6 km","2 km","920 m","1228 m","3 Lifte/Bahnen","SFr. 32,- / ca. € 34,-"
"1731937279-182","https://www.skiresort.ch/skigebiete/schweiz/seite/2/","Fideriser Heuberge – Arflina","","5 km","9 km","1 km","1952 m","2356 m","4 Lifte/Bahnen","SFr. 46,- / ca. € 49,-"
"1731937279-183","https://www.skiresort.ch/skigebiete/schweiz/seite/2/","Atzmännig – Goldingen","","3 km","5 km","0 km","821 m","1198 m","5 Lifte/Bahnen","SFr. 35,- / ca. € 37,-"
"1731937279-184","https://www.skiresort.ch/skigebiete/schweiz/seite/2/","La Forclaz","","8 km","7 km","0 km","1730 m","2200 m","3 Lifte/Bahnen","SFr. 28,- / ca. € 30,-"
"1731937279-185","https://www.skiresort.ch/skigebiete/schweiz/seite/2/","Rigi – Scheidegg/​Burggeist","","5 km","0 km","0 km","1012 m","1656 m","5 Lifte/Bahnen","SFr. 34,- / ca. € 36,-"
"1731937279-186","https://www.skiresort.ch/skigebiete/schweiz/seite/2/","Rigi","","4,5 km","4,5 km","0 km","1315 m","1752 m","7 Lifte/Bahnen","SFr. 78,- / ca. € 83,-"
"1731937279-187","https://www.skiresort.ch/skigebiete/schweiz/seite/2/","Les Paccots/​Châtel-St-Denis – Corbetta","","5 km","2 km","2 km","1065 m","1593 m","11 Lifte/Bahnen","SFr. 39,- / ca. € 41,-"
"1731937279-188","https://www.skiresort.ch/skigebiete/schweiz/seite/2/","Gitschenen – Isenthal","","3 km","2 km","0 km","1353 m","1570 m","2 Lifte/Bahnen","SFr. 32,- / ca. € 34,-"
"1731937279-189","https://www.skiresort.ch/skigebiete/schweiz/seite/2/","Säntis – Schwägalp","","","","","1351 m","2473 m","1 Lift/Bahn",""
"1731937279-190","https://www.skiresort.ch/skigebiete/schweiz/seite/2/","Gspon (Staldenried)","","1,5 km","3,5 km","0 km","1865 m","2193 m","4 Lifte/Bahnen","SFr. 41,- / ca. € 43,-"
"1731937279-191","https://www.skiresort.ch/skigebiete/schweiz/seite/2/","Ratzi – Spiringen","","2 km","1,6 km","0 km","950 m","1840 m","2 Lifte/Bahnen","SFr. 36,- / ca. € 38,-"
"1731937279-192","https://www.skiresort.ch/skigebiete/schweiz/seite/2/","Avers","","2 km","2 km","4 km","1988 m","2539 m","3 Lifte/Bahnen","SFr. 33,- / ca. € 35,-"
"1731937279-193","https://www.skiresort.ch/skigebiete/schweiz/seite/2/","Les Pléiades","","4 km","4 km","0 km","1080 m","1360 m","7 Lifte/Bahnen","SFr. 37,- / ca. € 39,-"
"1731937279-194","https://www.skiresort.ch/skigebiete/schweiz/seite/2/","Selital – Schwarzenbühl","","4,7 km","4,3 km","1,1 km","1299 m","1606 m","3 Lifte/Bahnen","SFr. 40,- / ca. € 42,-"
"1731937279-195","https://www.skiresort.ch/skigebiete/schweiz/seite/2/","Le Pâquier – Crêt-du-Puy","","5,5 km","2,5 km","2 km","862 m","1263 m","3 Lifte/Bahnen","SFr. 32,- / ca. € 34,-"
"1731937279-196","https://www.skiresort.ch/skigebiete/schweiz/seite/2/","L'Abbaye","","6 km","3 km","1 km","1010 m","1437 m","4 Lifte/Bahnen","SFr. 30,- / ca. € 32,-"
"1731937279-197","https://www.skiresort.ch/skigebiete/schweiz/seite/2/","Neusell – Rothenthurm-Biberegg","","5 km","3,5 km","1,5 km","954 m","1329 m","3 Lifte/Bahnen","SFr. 29,- / ca. € 31,-"
"1731937279-198","https://www.skiresort.ch/skigebiete/schweiz/seite/2/","Les Breuleux","","5 km","4 km","1 km","1070 m","1246 m","2 Lifte/Bahnen","SFr. 24,- / ca. € 25,-"
"1731937279-199","https://www.skiresort.ch/skigebiete/schweiz/seite/2/","Bumbach (Schangnau)","","6 km","3 km","1 km","920 m","1365 m","4 Lifte/Bahnen","SFr. 35,- / ca. € 37,-"
"1731937279-200","https://www.skiresort.ch/skigebiete/schweiz/seite/2/","Habkern – Sattelegg","","2 km","4 km","2 km","1100 m","1485 m","2 Lifte/Bahnen","SFr. 37,- / ca. € 39,-"
"1731937279-201","https://www.skiresort.ch/skigebiete/schweiz/seite/2/","Aeschiried","","6,5 km","3 km","0 km","927 m","1389 m","3 Lifte/Bahnen","SFr. 35,- / ca. € 37,-"
"1731937279-202","https://www.skiresort.ch/skigebiete/schweiz/seite/2/","Bannalp – Oberrickenbach","","2,5 km","0,5 km","0 km","1663 m","1793 m","3 Lifte/Bahnen","SFr. 34,- / ca. € 36,-"
"1731937279-203","https://www.skiresort.ch/skigebiete/schweiz/seite/2/","Kerenzerberg – Filzbach","","","","","746 m","1283 m","1 Lift/Bahn",""
"1731937279-204","https://www.skiresort.ch/skigebiete/schweiz/seite/2/","Fanas","","0,5 km","0 km","0 km","900 m","1700 m","2 Lifte/Bahnen",""
"1731937279-205","https://www.skiresort.ch/skigebiete/schweiz/seite/2/","Schilt – Mollis","","3 km","3 km","0 km","1100 m","1602 m","2 Lifte/Bahnen","SFr. 33,- / ca. € 35,-"
"1731937279-206","https://www.skiresort.ch/skigebiete/schweiz/seite/2/","Rathvel – Châtel-St-Denis","","5 km","3 km","0 km","1211 m","1491 m","4 Lifte/Bahnen","SFr. 30,- / ca. € 32,-"
"1731937279-207","https://www.skiresort.ch/skigebiete/schweiz/seite/2/","Rossberg – Oberwil","","3,2 km","3,8 km","0 km","1148 m","1464 m","2 Lifte/Bahnen","SFr. 37,- / ca. € 39,-"
"1731937279-208","https://www.skiresort.ch/skigebiete/schweiz/seite/2/","Sollegg – Appenzell","","5 km","2 km","0 km","813 m","1204 m","2 Lifte/Bahnen","SFr. 27,- / ca. € 29,-"
"1731937279-209","https://www.skiresort.ch/skigebiete/schweiz/seite/2/","L'Orient","","2 km","3 km","1 km","1010 m","1283 m","2 Lifte/Bahnen","SFr. 30,- / ca. € 32,-"
"1731937279-210","https://www.skiresort.ch/skigebiete/schweiz/seite/2/","Jaunpass – Boltigen","","3,8 km","1,2 km","1 km","1406 m","1608 m","4 Lifte/Bahnen","SFr. 34,- / ca. € 36,-"
"1731937279-211","https://www.skiresort.ch/skigebiete/schweiz/seite/2/","Seebodenalp – Küssnacht","","2 km","0,5 km","0 km","1036 m","1225 m","3 Lifte/Bahnen","SFr. 15,- / ca. € 16,-"
"1731937279-212","https://www.skiresort.ch/skigebiete/schweiz/seite/2/","Springenboden","","1,5 km","4 km","0,5 km","1207 m","1525 m","3 Lifte/Bahnen","SFr. 28,- / ca. € 30,-"
"1731937279-213","https://www.skiresort.ch/skigebiete/schweiz/seite/2/","Gantrisch Gurnigel","","4 km","2 km","0 km","1340 m","1590 m","3 Lifte/Bahnen","SFr. 37,- / ca. € 39,-"
"1731937279-214","https://www.skiresort.ch/skigebiete/schweiz/seite/2/","Brüsti – Attinghausen","","0,1 km","1,4 km","0 km","1428 m","1601 m","4 Lifte/Bahnen","SFr. 32,- / ca. € 34,-"
"1731937279-215","https://www.skiresort.ch/skigebiete/schweiz/seite/2/","Dent de Vaulion – Le Morez","","2,5 km","1,5 km","1 km","1150 m","1478 m","2 Lifte/Bahnen","SFr. 30,- / ca. € 32,-"
"1731937279-216","https://www.skiresort.ch/skigebiete/schweiz/seite/2/","Le Brassus","","2,5 km","1,5 km","1 km","1060 m","1361 m","2 Lifte/Bahnen","SFr. 30,- / ca. € 32,-"
"1731937279-217","https://www.skiresort.ch/skigebiete/schweiz/seite/2/","Eriz","","4 km","2 km","0 km","1044 m","1378 m","6 Lifte/Bahnen","SFr. 34,- / ca. € 36,-"
"1731937279-218","https://www.skiresort.ch/skigebiete/schweiz/seite/2/","Wirzweli – Dallenwil","","1 km","0 km","0 km","1215 m","1350 m","3 Lifte/Bahnen","SFr. 31,- / ca. € 33,-"
"1731937279-219","https://www.skiresort.ch/skigebiete/schweiz/seite/2/","Steg im Tösstal","","3 km","2 km","0 km","700 m","1000 m","2 Lifte/Bahnen","SFr. 30,- / ca. € 32,-"
"1731937279-220","https://www.skiresort.ch/skigebiete/schweiz/seite/2/","Balmberg","","2 km","3 km","0 km","1062 m","1270 m","3 Lifte/Bahnen","SFr. 32,- / ca. € 34,-"
"1731937279-221","https://www.skiresort.ch/skigebiete/schweiz/seite/2/","Prato (Leventina)","","1 km","2 km","1 km","1045 m","1270 m","2 Lifte/Bahnen","SFr. 21,- / ca. € 22,-"
"1731937279-222","https://www.skiresort.ch/skigebiete/schweiz/seite/2/","Pany (Luzein)","","3 km","2 km","0 km","1330 m","1550 m","2 Lifte/Bahnen","SFr. 32,- / ca. € 34,-"
"1731937279-223","https://www.skiresort.ch/skigebiete/schweiz/seite/2/","Les Prés d'Orvin","","2,5 km","2,5 km","0 km","1030 m","1230 m","5 Lifte/Bahnen","SFr. 30,- / ca. € 32,-"
"1731937279-224","https://www.skiresort.ch/skigebiete/schweiz/seite/2/","Haldigrat","","","","","1230 m","1937 m","1 Lift/Bahn",""
"1731937279-225","https://www.skiresort.ch/skigebiete/schweiz/seite/2/","Heiden – Bischofsberg","","4 km","1 km","0 km","810 m","940 m","2 Lifte/Bahnen","SFr. 28,- / ca. € 30,-"
"1731937279-226","https://www.skiresort.ch/skigebiete/schweiz/seite/2/","La Corbatière – La Roche-aux-Crocs","","2,1 km","1,5 km","1 km","1090 m","1348 m","3 Lifte/Bahnen","SFr. 25,- / ca. € 27,-"
"1731937279-227","https://www.skiresort.ch/skigebiete/schweiz/seite/2/","Tenna","","3,5 km","1 km","0 km","1660 m","1780 m","1 Lift/Bahn","SFr. 25,- / ca. € 27,-"
"1731937279-228","https://www.skiresort.ch/skigebiete/schweiz/seite/2/","Les Genevez","","2 km","1,5 km","0,5 km","1024 m","1147 m","2 Lifte/Bahnen","SFr. 20,- / ca. € 21,-"
"1731937279-229","https://www.skiresort.ch/skigebiete/schweiz/seite/2/","Fischenthal-Aurüti – Oberegg","","1,7 km","1,5 km","0,8 km","827 m","1052 m","2 Lifte/Bahnen","SFr. 29,- / ca. € 31,-"
"1731937279-230","https://www.skiresort.ch/skigebiete/schweiz/seite/2/","Vorderthal – Skilift Wägital","","2 km","1 km","0 km","750 m","1260 m","1 Lift/Bahn",""
"1731937279-231","https://www.skiresort.ch/skigebiete/schweiz/seite/2/","Alpsteinblick – Gonten","","3 km","1 km","0 km","890 m","1142 m","3 Lifte/Bahnen","SFr. 27,- / ca. € 29,-"
"1731937279-232","https://www.skiresort.ch/skigebiete/schweiz/seite/2/","Oberholz – Farner","","3 km","1 km","0 km","852 m","1155 m","3 Lifte/Bahnen","SFr. 32,- / ca. € 34,-"
"1731937279-233","https://www.skiresort.ch/skigebiete/schweiz/seite/2/","Tanzboden – Ebnat-Kappel","","2 km","1,5 km","0 km","865 m","1181 m","2 Lifte/Bahnen","SFr. 32,- / ca. € 34,-"
"1731937279-234","https://www.skiresort.ch/skigebiete/schweiz/seite/2/","Hohwald – Beatenberg-Waldegg","","2 km","2 km","0 km","1291 m","1605 m","3 Lifte/Bahnen","SFr. 32,- / ca. € 34,-"
"1731937279-235","https://www.skiresort.ch/skigebiete/schweiz/seite/2/","Pian Cales – San Bernardino","","2,9 km","1,6 km","0 km","1625 m","1791 m","4 Lifte/Bahnen","SFr. 25,- / ca. € 27,-"
"1731937279-236","https://www.skiresort.ch/skigebiete/schweiz/seite/2/","Hohe Winde – Beinwil","","3 km","1 km","0 km","760 m","1060 m","2 Lifte/Bahnen","SFr. 28,- / ca. € 30,-"
"1731937279-237","https://www.skiresort.ch/skigebiete/schweiz/seite/2/","Heiligkreuz-First – Hasle","","2 km","2 km","0 km","1133 m","1468 m","2 Lifte/Bahnen","SFr. 25,- / ca. € 27,-"
"1731937279-238","https://www.skiresort.ch/skigebiete/schweiz/seite/2/","Ottenleue – Sangernboden","","1,7 km","1,1 km","0,8 km","1450 m","1600 m","1 Lift/Bahn","SFr. 26,- / ca. € 28,-"
"1731937279-239","https://www.skiresort.ch/skigebiete/schweiz/seite/2/","Dent de Jaman – Montreux","","0 km","3 km","0 km","1354 m","1738 m","2 Lifte/Bahnen","SFr. 37,- / ca. € 39,-"
"1731937279-240","https://www.skiresort.ch/skigebiete/schweiz/seite/2/","Gurten – Bern","","0,2 km","0 km","0 km","845 m","855 m","2 Lifte/Bahnen","SFr. 5,- / ca. € 5,-"
"1731937279-241","https://www.skiresort.ch/skigebiete/schweiz/seite/2/","Sommartel – Le Locle","","1,6 km","0,6 km","0,8 km","1117 m","1301 m","2 Lifte/Bahnen","SFr. 20,- / ca. € 21,-"
"1731937279-242","https://www.skiresort.ch/skigebiete/schweiz/seite/2/","Aela – Maloja","","0,5 km","1,5 km","1 km","1801 m","2136 m","2 Lifte/Bahnen","SFr. 35,- / ca. € 37,-"
"1731937279-243","https://www.skiresort.ch/skigebiete/schweiz/seite/2/","Mastrils","","2 km","1 km","0 km","720 m","940 m","1 Lift/Bahn","SFr. 18,- / ca. € 19,-"
"1731937279-244","https://www.skiresort.ch/skigebiete/schweiz/seite/2/","Chapeau Râblé – La Chaux-de-Fonds","","2 km","1 km","0 km","1087 m","1233 m","1 Lift/Bahn","SFr. 24,- / ca. € 25,-"
"1731937279-245","https://www.skiresort.ch/skigebiete/schweiz/seite/2/","Le Crêt-Meuron – Fontaines (Les Gollières)","","2 km","1 km","0 km","1270 m","1340 m","1 Lift/Bahn","SFr. 25,- / ca. € 27,-"
"1731937279-246","https://www.skiresort.ch/skigebiete/schweiz/seite/2/","Zugerberg","","0,2 km","0 km","0 km","925 m","940 m","3 Lifte/Bahnen","SFr. 5,- / ca. € 5,-"
"1731937279-247","https://www.skiresort.ch/skigebiete/schweiz/seite/2/","Eggiwil – Netschbühl","","2,5 km","0,5 km","0 km","720 m","1020 m","1 Lift/Bahn","SFr. 27,- / ca. € 29,-"
"1731937279-248","https://www.skiresort.ch/skigebiete/schweiz/seite/2/","Gfellen – Entlebuch-Finsterwald","","4,5 km","0 km","0 km","1025 m","1295 m","2 Lifte/Bahnen","SFr. 25,- / ca. € 27,-"
"1731937279-249","https://www.skiresort.ch/skigebiete/schweiz/seite/2/","St. Antönien","","2 km","1 km","0 km","1405 m","1656 m","2 Lifte/Bahnen",""
"1731937279-250","https://www.skiresort.ch/skigebiete/schweiz/seite/2/","St. Cergue","","2 km","1 km","0 km","1040 m","1220 m","3 Lifte/Bahnen","SFr. 20,- / ca. € 21,-"
"1731937279-251","https://www.skiresort.ch/skigebiete/schweiz/seite/2/","Mutten","","3 km","0 km","0 km","1724 m","1863 m","1 Lift/Bahn","SFr. 23,- / ca. € 24,-"
"1731937279-252","https://www.skiresort.ch/skigebiete/schweiz/seite/2/","Langenbruck – Untere/​Obere Wanne","","3 km","0 km","0 km","720 m","940 m","2 Lifte/Bahnen","SFr. 35,- / ca. € 37,-"
"1731937279-253","https://www.skiresort.ch/skigebiete/schweiz/seite/2/","Münster-Geschinen","","3 km","0 km","0 km","1363 m","1645 m","2 Lifte/Bahnen","SFr. 25,- / ca. € 27,-"
"1731937279-254","https://www.skiresort.ch/skigebiete/schweiz/seite/2/","Oberegg – Skilift St. Anton","","3,5 km","0 km","0 km","855 m","1110 m","1 Lift/Bahn","SFr. 28,- / ca. € 30,-"
"1731937279-255","https://www.skiresort.ch/skigebiete/schweiz/seite/2/","Homberg","","3 km","0 km","0 km","940 m","1093 m","1 Lift/Bahn","SFr. 20,- / ca. € 21,-"
"1731937279-256","https://www.skiresort.ch/skigebiete/schweiz/seite/2/","La Chia – Bulle","","3 km","0 km","0 km","998 m","1309 m","1 Lift/Bahn","SFr. 20,- / ca. € 21,-"
"1731937279-257","https://www.skiresort.ch/skigebiete/schweiz/seite/2/","La Côte-aux-Fées","","3 km","0 km","0 km","980 m","1080 m","1 Lift/Bahn",""
"1731937279-258","https://www.skiresort.ch/skigebiete/schweiz/seite/2/","Degersheim – Fuchsacker","","3 km","0 km","0 km","815 m","1034 m","3 Lifte/Bahnen","SFr. 30,- / ca. € 32,-"
"1731937279-259","https://www.skiresort.ch/skigebiete/schweiz/seite/2/","Lauenen","","1,3 km","1,2 km","0 km","1240 m","1400 m","1 Lift/Bahn","SFr. 37,- / ca. € 39,-"
"1731937279-260","https://www.skiresort.ch/skigebiete/schweiz/seite/2/","Saint-George","","1,2 km","0,8 km","0 km","977 m","1140 m","2 Lifte/Bahnen","SFr. 20,- / ca. € 21,-"
"1731937279-261","https://www.skiresort.ch/skigebiete/schweiz/seite/2/","Rochers de Naye – Montreux","","0,6 km","0,4 km","0 km","1898 m","2012 m","3 Lifte/Bahnen","SFr. 37,- / ca. € 39,-"
"1731937279-262","https://www.skiresort.ch/skigebiete/schweiz/seite/2/","Tèct/​Zinols – Bergün","","2 km","0 km","0 km","1371 m","1540 m","2 Lifte/Bahnen","SFr. 35,- / ca. € 37,-"
"1731937279-263","https://www.skiresort.ch/skigebiete/schweiz/seite/2/","Oberiberg","","2,2 km","0 km","0 km","1080 m","1355 m","4 Lifte/Bahnen","SFr. 28,- / ca. € 30,-"
"1731937279-264","https://www.skiresort.ch/skigebiete/schweiz/seite/2/","Campo Blenio","","2 km","0 km","0 km","1207 m","1578 m","3 Lifte/Bahnen","SFr. 32,- / ca. € 34,-"
"1731937279-265","https://www.skiresort.ch/skigebiete/schweiz/seite/2/","Flensa – Seewis","","2 km","0 km","0 km","1015 m","1185 m","1 Lift/Bahn","SFr. 20,- / ca. € 21,-"
"1731937279-266","https://www.skiresort.ch/skigebiete/schweiz/seite/2/","Druni KidsArena – Valtgeva","","2 km","0 km","0 km","1447 m","1538 m","3 Lifte/Bahnen","SFr. 27,- / ca. € 29,-"
"1731937279-267","https://www.skiresort.ch/skigebiete/schweiz/seite/2/","Hochwacht – Mosnang","","0,8 km","0,6 km","0,4 km","720 m","835 m","1 Lift/Bahn","SFr. 18,- / ca. € 19,-"
"1731937279-268","https://www.skiresort.ch/skigebiete/schweiz/seite/2/","Grub-Kaien","","2 km","0 km","0 km","845 m","1065 m","1 Lift/Bahn","SFr. 30,- / ca. € 32,-"
"1731937279-269","https://www.skiresort.ch/skigebiete/schweiz/seite/2/","Schwengimatt","","1 km","0,5 km","0,2 km","993 m","1110 m","1 Lift/Bahn","SFr. 17,- / ca. € 18,-"
"1731937279-270","https://www.skiresort.ch/skigebiete/schweiz/seite/2/","Linden – Schindelberg","","2,2 km","0 km","0 km","920 m","1088 m","3 Lifte/Bahnen","SFr. 33,- / ca. € 35,-"
"1731937279-271","https://www.skiresort.ch/skigebiete/schweiz/seite/2/","Faltschen – Reichenbach","","2,2 km","0 km","0 km","1032 m","1359 m","2 Lifte/Bahnen","SFr. 32,- / ca. € 34,-"
"1731937279-272","https://www.skiresort.ch/skigebiete/schweiz/seite/2/","Schafmatt – Oltingen","","0,6 km","0,4 km","0 km","730 m","857 m","1 Lift/Bahn","SFr. 12,- / ca. € 13,-"
"1731937279-273","https://www.skiresort.ch/skigebiete/schweiz/seite/2/","Friherrenberg – Einsiedeln","","2 km","0 km","0 km","918 m","1113 m","2 Lifte/Bahnen","SFr. 27,- / ca. € 29,-"
"1731937279-274","https://www.skiresort.ch/skigebiete/schweiz/seite/2/","Heiti – Gsteig bei Gstaad","","0,7 km","0,6 km","0 km","1227 m","1370 m","1 Lift/Bahn","SFr. 84,- / ca. € 89,-"
"1731937279-275","https://www.skiresort.ch/skigebiete/schweiz/seite/2/","Nollen – Unterägeri","","2 km","0 km","0 km","765 m","1046 m","2 Lifte/Bahnen","SFr. 20,- / ca. € 21,-"
"1731937279-276","https://www.skiresort.ch/skigebiete/schweiz/seite/2/","Brunni – Alpthal","","1,1 km","0,2 km","0 km","1100 m","1200 m","1 Lift/Bahn","SFr. 28,- / ca. € 30,-"
"1731937279-277","https://www.skiresort.ch/skigebiete/schweiz/seite/2/","Nods","","1,2 km","0,8 km","0 km","950 m","1025 m","3 Lifte/Bahnen","SFr. 16,- / ca. € 17,-"
"1731937279-278","https://www.skiresort.ch/skigebiete/schweiz/seite/2/","Mogno","","1,2 km","0,3 km","0 km","1150 m","1275 m","2 Lifte/Bahnen","SFr. 16,- / ca. € 17,-"
"1731937279-279","https://www.skiresort.ch/skigebiete/schweiz/seite/2/","Hätzingen – Loh","","1 km","0 km","0 km","615 m","701 m","1 Lift/Bahn","SFr. 14,- / ca. € 15,-"
"1731937279-280","https://www.skiresort.ch/skigebiete/schweiz/seite/2/","Hapfere – Plaffeien","","1 km","0 km","0 km","850 m","935 m","1 Lift/Bahn","SFr. 20,- / ca. € 21,-"
"1731937279-281","https://www.skiresort.ch/skigebiete/schweiz/seite/2/","Téléconthey – Mayens de Conthey","","1 km","0 km","0 km","1281 m","1439 m","1 Lift/Bahn","SFr. 20,- / ca. € 21,-"
"1731937279-282","https://www.skiresort.ch/skigebiete/schweiz/seite/2/","Dreieck – Glarus","","1 km","0 km","0 km","513 m","682 m","1 Lift/Bahn","SFr. 18,- / ca. € 19,-"
"1731937279-283","https://www.skiresort.ch/skigebiete/schweiz/seite/2/","Tristeli – St. Margrethenberg","","1 km","0 km","0 km","1195 m","1447 m","1 Lift/Bahn","SFr. 28,- / ca. € 30,-"
"1731937279-284","https://www.skiresort.ch/skigebiete/schweiz/seite/2/","Heimenschwand – Buchholterberg","","1 km","0 km","0 km","1005 m","1183 m","1 Lift/Bahn","SFr. 28,- / ca. € 30,-"
"1731937279-285","https://www.skiresort.ch/skigebiete/schweiz/seite/2/","Chuderhüsi – Röthenbach","","1 km","0 km","0 km","1018 m","1091 m","1 Lift/Bahn","SFr. 24,- / ca. € 25,-"
"1731937279-286","https://www.skiresort.ch/skigebiete/schweiz/seite/2/","Péra – Trun","","1,2 km","0 km","0 km","920 m","1040 m","1 Lift/Bahn","SFr. 24,- / ca. € 25,-"
"1731937279-287","https://www.skiresort.ch/skigebiete/schweiz/seite/2/","Sattelegg – Vorderthal/​Einsiedeln-Willerzell","","1 km","0 km","0 km","1180 m","1220 m","1 Lift/Bahn","SFr. 18,- / ca. € 19,-"
"1731937279-288","https://www.skiresort.ch/skigebiete/schweiz/seite/2/","Buchserberg-Malbun – Buchs","","1,2 km","0 km","0 km","1379 m","1485 m","1 Lift/Bahn","SFr. 18,- / ca. € 19,-"
"1731937279-289","https://www.skiresort.ch/skigebiete/schweiz/seite/2/","Föhrlimatt – Wegenstetten","","1 km","0 km","0 km","500 m","575 m","1 Lift/Bahn","SFr. 18,- / ca. € 19,-"
"1731937279-290","https://www.skiresort.ch/skigebiete/schweiz/seite/2/","Lüina – Airolo","","1 km","0 km","0 km","1180 m","1250 m","2 Lifte/Bahnen","SFr. 22,- / ca. € 23,-"
"1731937279-291","https://www.skiresort.ch/skigebiete/schweiz/seite/2/","Vögelinsegg – Speicher","","1 km","0 km","0 km","970 m","1030 m","1 Lift/Bahn","SFr. 26,- / ca. € 28,-"
"1731937279-292","https://www.skiresort.ch/skigebiete/schweiz/seite/2/","Hemberg","","1,5 km","0 km","0 km","900 m","1193 m","2 Lifte/Bahnen","SFr. 27,- / ca. € 29,-"
"1731937279-293","https://www.skiresort.ch/skigebiete/schweiz/seite/2/","Müsella – La Punt","","1 km","0 km","0 km","1698 m","1787 m","2 Lifte/Bahnen","SFr. 34,- / ca. € 36,-"
"1731937279-294","https://www.skiresort.ch/skigebiete/schweiz/seite/2/","Schwellbrunn","","1 km","0 km","0 km","1022 m","1084 m","1 Lift/Bahn","SFr. 28,- / ca. € 30,-"
"1731937279-295","https://www.skiresort.ch/skigebiete/schweiz/seite/2/","La Lorette – Bourg-Saint-Pierre","","1 km","0 km","0 km","1550 m","1600 m","1 Lift/Bahn","SFr. 15,- / ca. € 16,-"
"1731937279-296","https://www.skiresort.ch/skigebiete/schweiz/seite/2/","Gais","","1 km","0 km","0 km","937 m","1025 m","1 Lift/Bahn",""
"1731937279-297","https://www.skiresort.ch/skigebiete/schweiz/seite/2/","Survih – Samedan","","1,5 km","0 km","0 km","1760 m","1912 m","3 Lifte/Bahnen","SFr. 39,- / ca. € 41,-"
"1731937279-298","https://www.skiresort.ch/skigebiete/schweiz/seite/2/","Urnäsch – Osteregg","","1,7 km","0 km","0 km","850 m","1080 m","2 Lifte/Bahnen","SFr. 27,- / ca. € 29,-"
"1731937279-299","https://www.skiresort.ch/skigebiete/schweiz/seite/2/","Bennau – Einsiedeln","","1 km","0 km","0 km","882 m","1056 m","3 Lifte/Bahnen","SFr. 34,- / ca. € 36,-"
"1731937279-300","https://www.skiresort.ch/skigebiete/schweiz/seite/2/","Mont Gibloux","","1 km","0,4 km","0 km","965 m","1152 m","2 Lifte/Bahnen","SFr. 18,- / ca. € 19,-"
"1731937279-301","https://www.skiresort.ch/skigebiete/schweiz/seite/2/","Les Verrières","","1,6 km","0,2 km","0 km","920 m","1010 m","2 Lifte/Bahnen","SFr. 10,- / ca. € 11,-"
